control,may_depend_on
ProfileController,AuthController
ProfileController,LocationController
RecommendationController,LocationController
RecommendationController,DirectionsController
RecommendationController,SchoolDataController
SchoolController,SchoolDataController
FilterController,LocationController
FilterController,DirectionsController
FilterController,SchoolDataController
LocationController,SchoolDataController
ShortlistController,AuthController
ShortlistController,SchoolDataController
ChoicePlanController,ShortlistController
ChoicePlanController,ProfileController
ChoicePlanController,SchoolDataController
MapController,SchoolDataController
