school_code,primary_school,source_url
anglo-chinese-school-barker-road,Anglo-Chinese School (Junior),https://www.moe.gov.sg/schoolfinder/schooldetail?schoolname=anglo-chinese-school-barker-road
anglo-chinese-school-barker-road,Anglo-Chinese School (Primary),https://www.moe.gov.sg/schoolfinder/schooldetail?schoolname=anglo-chinese-school-barker-road
anglo-chinese-school-independent,Anglo-Chinese School (Junior),https://www.moe.gov.sg/schoolfinder/schooldetail?schoolname=anglo-chinese-school-independent-secondary
anglo-chinese-school-independent,Anglo-Chinese School (Primary),https://www.moe.gov.sg/schoolfinder/schooldetail?schoolname=anglo-chinese-school-independent-secondary
catholic-high-school,Catholic High School (Primary),https://www.moe.gov.sg/schoolfinder/schooldetail?schoolname=catholic-high-school-secondary
chij-katong-convent,CHIJ (Katong) Primary,https://www.moe.gov.sg/schoolfinder/schooldetail?schoolname=chij-katong-convent
chij-secondary-toa-payoh,CHIJ Primary (Toa Payoh),https://www.moe.gov.sg/schoolfinder/schooldetail?schoolname=chij-secondary-toa-payoh
chij-st-josephs-convent,CHIJ Our Lady of Good Counsel,https://www.moe.gov.sg/schoolfinder/schooldetail?schoolname=chij-st-josephs-convent
chij-st-josephs-convent,CHIJ Our Lady of the Nativity,https://www.moe.gov.sg/schoolfinder/schooldetail?schoolname=chij-st-josephs-convent
chij-st-nicholas-girls-school,CHIJ St. Nicholas Girls' School (Primary),https://www.moe.gov.sg/schoolfinder/schooldetail?schoolname=chij-st-nicholas-girls-school-secondary
chij-st-theresas-convent,CHIJ (Kellock),https://www.moe.gov.sg/schoolfinder/schooldetail?schoolname=chij-st-theresas-convent
chij-st-theresas-convent,CHIJ Our Lady Queen of Peace,https://www.moe.gov.sg/schoolfinder/schooldetail?schoolname=chij-st-theresas-convent
fairfield-methodist-school-secondary,Fairfield Methodist School (Primary),https://www.moe.gov.sg/schoolfinder/schooldetail?schoolname=fairfield-methodist-school-secondary
geylang-methodist-school-secondary,Geylang Methodist School (Primary),https://www.moe.gov.sg/schoolfinder/schooldetail?schoolname=geylang-methodist-school-secondary
holy-innocents-high-school,Holy Innocents' Primary School,https://www.moe.gov.sg/schoolfinder/schooldetail?schoolname=holy-innocents-high-school
kuo-chuan-presbyterian-secondary-school,Kuo Chuan Presbyterian Primary School,https://www.moe.gov.sg/schoolfinder/schooldetail?schoolname=kuo-chuan-presbyterian-secondary-school
manjusri-secondary-school,Maha Bodhi School,https://www.moe.gov.sg/schoolfinder/schooldetail?schoolname=manjusri-secondary-school
manjusri-secondary-school,Mee Toh School,https://www.moe.gov.sg/schoolfinder/schooldetail?schoolname=manjusri-secondary-school
maris-stella-high-school,Maris Stella High School (Primary),https://www.moe.gov.sg/schoolfinder/schooldetail?schoolname=maris-stella-high-school-secondary
methodist-girls-school-secondary,Methodist Girls' School (Primary),https://www.moe.gov.sg/schoolfinder/schooldetail?schoolname=methodist-girls-school-secondary
montfort-secondary-school,Montfort Junior School,https://www.moe.gov.sg/schoolfinder/schooldetail?schoolname=montfort-secondary-school
nanyang-girls-high-school,Nanyang Primary School,https://www.moe.gov.sg/schoolfinder/schooldetail?schoolname=nanyang-girls-high-school
ngee-ann-secondary-school,Ngee Ann Primary School,https://www.moe.gov.sg/schoolfinder/schooldetail?schoolname=ngee-ann-secondary-school
paya-lebar-methodist-girls-school-secondary,Paya Lebar Methodist Girls' School (Primary),https://www.moe.gov.sg/schoolfinder/schooldetail?schoolname=paya-lebar-methodist-girls-school-secondary
singapore-chinese-girls-school,Singapore Chinese Girls' Primary School,https://www.moe.gov.sg/schoolfinder/schooldetail?schoolname=singapore-chinese-girls-school
st-andrews-school-secondary,St Andrew's School (Junior),https://www.moe.gov.sg/schoolfinder/schooldetail?schoolname=st-andrews-school-secondary
st-anthonys-canossian-secondary-school,Canossa Catholic Primary School,https://www.moe.gov.sg/schoolfinder/schooldetail?schoolname=st-anthonys-canossian-secondary-school
st-anthonys-canossian-secondary-school,St. Anthony's Canossian Primary School,https://www.moe.gov.sg/schoolfinder/schooldetail?schoolname=st-anthonys-canossian-secondary-school
st-gabriels-secondary-school,St. Gabriel's Primary School,https://www.moe.gov.sg/schoolfinder/schooldetail?schoolname=st-gabriels-secondary-school
st-hildas-secondary-school,St. Hilda's Primary School,https://www.moe.gov.sg/schoolfinder/schooldetail?schoolname=st-hildas-secondary-school
st-josephs-institution,De La Salle School,https://www.moe.gov.sg/schoolfinder/schooldetail?schoolname=st-josephs-institution-secondary
st-josephs-institution,St. Anthony's Primary School,https://www.moe.gov.sg/schoolfinder/schooldetail?schoolname=st-josephs-institution-secondary
st-josephs-institution,St. Joseph's Institution Junior,https://www.moe.gov.sg/schoolfinder/schooldetail?schoolname=st-josephs-institution-secondary
st-josephs-institution,St. Stephen's School,https://www.moe.gov.sg/schoolfinder/schooldetail?schoolname=st-josephs-institution-secondary
st-margarets-school-secondary,St. Margaret's School (Primary),https://www.moe.gov.sg/schoolfinder/schooldetail?schoolname=st-margarets-school-secondary
st-patricks-school,De La Salle School,https://www.moe.gov.sg/schoolfinder/schooldetail?schoolname=st-patricks-school
st-patricks-school,St. Anthony's Primary School,https://www.moe.gov.sg/schoolfinder/schooldetail?schoolname=st-patricks-school
st-patricks-school,St. Joseph's Institution Junior,https://www.moe.gov.sg/schoolfinder/schooldetail?schoolname=st-patricks-school
st-patricks-school,St. Stephen's School,https://www.moe.gov.sg/schoolfinder/schooldetail?schoolname=st-patricks-school
