school_code,admission_year,posting_group,track,lower,upper,raw_text,source_url,entered_by,checked_by
admiralty-secondary-school,2025,3,NON_AFFILIATED,16,22,16 - 22,https://www.moe.gov.sg/schoolfinder/schooldetail?schoolname=admiralty-secondary-school,script:schoolfinder-extract,script:independent-recheck
admiralty-secondary-school,2025,2,NON_AFFILIATED,21,25,21 - 25,https://www.moe.gov.sg/schoolfinder/schooldetail?schoolname=admiralty-secondary-school,script:schoolfinder-extract,script:independent-recheck
admiralty-secondary-school,2025,1,NON_AFFILIATED,25,29,25 - 29,https://www.moe.gov.sg/schoolfinder/schooldetail?schoolname=admiralty-secondary-school,script:schoolfinder-extract,script:independent-recheck
ahmad-ibrahim-secondary-school,2025,3,NON_AFFILIATED,11,18,11 - 18,https://www.moe.gov.sg/schoolfinder/schooldetail?schoolname=ahmad-ibrahim-secondary-school,script:schoolfinder-extract,script:independent-recheck
ahmad-ibrahim-secondary-school,2025,2,NON_AFFILIATED,21,24,21 - 24,https://www.moe.gov.sg/schoolfinder/schooldetail?schoolname=ahmad-ibrahim-secondary-school,script:schoolfinder-extract,script:independent-recheck
ahmad-ibrahim-secondary-school,2025,1,NON_AFFILIATED,25,28,25 - 28,https://www.moe.gov.sg/schoolfinder/schooldetail?schoolname=ahmad-ibrahim-secondary-school,script:schoolfinder-extract,script:independent-recheck
anderson-secondary-school,2025,3,NON_AFFILIATED,7,11,7 - 11,https://www.moe.gov.sg/schoolfinder/schooldetail?schoolname=anderson-secondary-school,script:schoolfinder-extract,script:independent-recheck
anderson-secondary-school,2025,2,NON_AFFILIATED,21,23,21 - 23,https://www.moe.gov.sg/schoolfinder/schooldetail?schoolname=anderson-secondary-school,script:schoolfinder-extract,script:independent-recheck
anderson-secondary-school,2025,1,NON_AFFILIATED,25,28,25 - 28,https://www.moe.gov.sg/schoolfinder/schooldetail?schoolname=anderson-secondary-school,script:schoolfinder-extract,script:independent-recheck
ang-mo-kio-secondary-school,2025,3,NON_AFFILIATED,12,16,12 - 16,https://www.moe.gov.sg/schoolfinder/schooldetail?schoolname=ang-mo-kio-secondary-school,script:schoolfinder-extract,script:independent-recheck
ang-mo-kio-secondary-school,2025,2,NON_AFFILIATED,21,24,21 - 24,https://www.moe.gov.sg/schoolfinder/schooldetail?schoolname=ang-mo-kio-secondary-school,script:schoolfinder-extract,script:independent-recheck
ang-mo-kio-secondary-school,2025,1,NON_AFFILIATED,25,28,25 - 28,https://www.moe.gov.sg/schoolfinder/schooldetail?schoolname=ang-mo-kio-secondary-school,script:schoolfinder-extract,script:independent-recheck
anglican-high-school,2025,3,NON_AFFILIATED,4,12,4 - 12,https://www.moe.gov.sg/schoolfinder/schooldetail?schoolname=anglican-high-school,script:schoolfinder-extract,script:independent-recheck
anglo-chinese-school-barker-road,2025,3,AFFILIATED,8,21,8 - 21,https://www.moe.gov.sg/schoolfinder/schooldetail?schoolname=anglo-chinese-school-barker-road,script:schoolfinder-extract,script:independent-recheck
anglo-chinese-school-barker-road,2025,3,NON_AFFILIATED,6,9,6 - 9,https://www.moe.gov.sg/schoolfinder/schooldetail?schoolname=anglo-chinese-school-barker-road,script:schoolfinder-extract,script:independent-recheck
anglo-chinese-school-barker-road,2025,2,AFFILIATED,21,25,21 - 25,https://www.moe.gov.sg/schoolfinder/schooldetail?schoolname=anglo-chinese-school-barker-road,script:schoolfinder-extract,script:independent-recheck
anglo-chinese-school-barker-road,2025,2,NON_AFFILIATED,21,21,21 - 21,https://www.moe.gov.sg/schoolfinder/schooldetail?schoolname=anglo-chinese-school-barker-road,script:schoolfinder-extract,script:independent-recheck
anglo-chinese-school-barker-road,2025,1,AFFILIATED,25,28,25 - 28,https://www.moe.gov.sg/schoolfinder/schooldetail?schoolname=anglo-chinese-school-barker-road,script:schoolfinder-extract,script:independent-recheck
anglo-chinese-school-barker-road,2025,1,NON_AFFILIATED,25,26,25 - 26,https://www.moe.gov.sg/schoolfinder/schooldetail?schoolname=anglo-chinese-school-barker-road,script:schoolfinder-extract,script:independent-recheck
anglo-chinese-school-independent,2025,3,IP,4,7,4 - 7,https://www.moe.gov.sg/schoolfinder/schooldetail?schoolname=anglo-chinese-school-independent-secondary,script:schoolfinder-extract,script:independent-recheck
anglo-chinese-school-independent,2025,3,AFFILIATED,7,13,7 - 13,https://www.moe.gov.sg/schoolfinder/schooldetail?schoolname=anglo-chinese-school-independent-secondary,script:schoolfinder-extract,script:independent-recheck
anglo-chinese-school-independent,2025,3,NON_AFFILIATED,6,8,6 - 8,https://www.moe.gov.sg/schoolfinder/schooldetail?schoolname=anglo-chinese-school-independent-secondary,script:schoolfinder-extract,script:independent-recheck
assumption-english-school,2025,3,NON_AFFILIATED,10,22,10 - 22,https://www.moe.gov.sg/schoolfinder/schooldetail?schoolname=assumption-english-school,script:schoolfinder-extract,script:independent-recheck
assumption-english-school,2025,2,NON_AFFILIATED,22,25,22 - 25,https://www.moe.gov.sg/schoolfinder/schooldetail?schoolname=assumption-english-school,script:schoolfinder-extract,script:independent-recheck
assumption-english-school,2025,1,NON_AFFILIATED,26,29,26 - 29,https://www.moe.gov.sg/schoolfinder/schooldetail?schoolname=assumption-english-school,script:schoolfinder-extract,script:independent-recheck
bartley-secondary-school,2025,3,NON_AFFILIATED,16,21,16 - 21,https://www.moe.gov.sg/schoolfinder/schooldetail?schoolname=bartley-secondary-school,script:schoolfinder-extract,script:independent-recheck
bartley-secondary-school,2025,2,NON_AFFILIATED,22,25,22 - 25,https://www.moe.gov.sg/schoolfinder/schooldetail?schoolname=bartley-secondary-school,script:schoolfinder-extract,script:independent-recheck
bartley-secondary-school,2025,1,NON_AFFILIATED,26,30,26 - 30*,https://www.moe.gov.sg/schoolfinder/schooldetail?schoolname=bartley-secondary-school,script:schoolfinder-extract,script:independent-recheck
beatty-secondary-school,2025,3,NON_AFFILIATED,12,18,12 - 18,https://www.moe.gov.sg/schoolfinder/schooldetail?schoolname=beatty-secondary-school,script:schoolfinder-extract,script:independent-recheck
beatty-secondary-school,2025,2,NON_AFFILIATED,21,25,21 - 25,https://www.moe.gov.sg/schoolfinder/schooldetail?schoolname=beatty-secondary-school,script:schoolfinder-extract,script:independent-recheck
beatty-secondary-school,2025,1,NON_AFFILIATED,25,28,25 - 28,https://www.moe.gov.sg/schoolfinder/schooldetail?schoolname=beatty-secondary-school,script:schoolfinder-extract,script:independent-recheck
bedok-green-secondary-school,2025,3,NON_AFFILIATED,12,20,12 - 20,https://www.moe.gov.sg/schoolfinder/schooldetail?schoolname=bedok-green-secondary-school,script:schoolfinder-extract,script:independent-recheck
bedok-green-secondary-school,2025,2,NON_AFFILIATED,21,25,21 - 25,https://www.moe.gov.sg/schoolfinder/schooldetail?schoolname=bedok-green-secondary-school,script:schoolfinder-extract,script:independent-recheck
bedok-green-secondary-school,2025,1,NON_AFFILIATED,25,30,25 - 30*,https://www.moe.gov.sg/schoolfinder/schooldetail?schoolname=bedok-green-secondary-school,script:schoolfinder-extract,script:independent-recheck
bedok-south-secondary-school,2025,3,NON_AFFILIATED,13,18,13 - 18,https://www.moe.gov.sg/schoolfinder/schooldetail?schoolname=bedok-south-secondary-school,script:schoolfinder-extract,script:independent-recheck
bedok-south-secondary-school,2025,2,NON_AFFILIATED,21,25,21 - 25,https://www.moe.gov.sg/schoolfinder/schooldetail?schoolname=bedok-south-secondary-school,script:schoolfinder-extract,script:independent-recheck
bedok-south-secondary-school,2025,1,NON_AFFILIATED,25,30,25 - 30*,https://www.moe.gov.sg/schoolfinder/schooldetail?schoolname=bedok-south-secondary-school,script:schoolfinder-extract,script:independent-recheck
bedok-view-secondary-school,2025,3,NON_AFFILIATED,12,16,12 - 16,https://www.moe.gov.sg/schoolfinder/schooldetail?schoolname=bedok-view-secondary-school,script:schoolfinder-extract,script:independent-recheck
bedok-view-secondary-school,2025,2,NON_AFFILIATED,21,24,21 - 24,https://www.moe.gov.sg/schoolfinder/schooldetail?schoolname=bedok-view-secondary-school,script:schoolfinder-extract,script:independent-recheck
bedok-view-secondary-school,2025,1,NON_AFFILIATED,26,28,26 - 28,https://www.moe.gov.sg/schoolfinder/schooldetail?schoolname=bedok-view-secondary-school,script:schoolfinder-extract,script:independent-recheck
bendemeer-secondary-school,2025,3,NON_AFFILIATED,11,22,11 - 22,https://www.moe.gov.sg/schoolfinder/schooldetail?schoolname=bendemeer-secondary-school,script:schoolfinder-extract,script:independent-recheck
bendemeer-secondary-school,2025,2,NON_AFFILIATED,22,25,22 - 25,https://www.moe.gov.sg/schoolfinder/schooldetail?schoolname=bendemeer-secondary-school,script:schoolfinder-extract,script:independent-recheck
bendemeer-secondary-school,2025,1,NON_AFFILIATED,25,28,25 - 28,https://www.moe.gov.sg/schoolfinder/schooldetail?schoolname=bendemeer-secondary-school,script:schoolfinder-extract,script:independent-recheck
boon-lay-secondary-school,2025,3,NON_AFFILIATED,7,22,7 - 22,https://www.moe.gov.sg/schoolfinder/schooldetail?schoolname=boon-lay-secondary-school,script:schoolfinder-extract,script:independent-recheck
boon-lay-secondary-school,2025,2,NON_AFFILIATED,22,25,22 - 25,https://www.moe.gov.sg/schoolfinder/schooldetail?schoolname=boon-lay-secondary-school,script:schoolfinder-extract,script:independent-recheck
boon-lay-secondary-school,2025,1,NON_AFFILIATED,26,30,26 - 30*,https://www.moe.gov.sg/schoolfinder/schooldetail?schoolname=boon-lay-secondary-school,script:schoolfinder-extract,script:independent-recheck
bowen-secondary-school,2025,3,NON_AFFILIATED,12,16,12 - 16,https://www.moe.gov.sg/schoolfinder/schooldetail?schoolname=bowen-secondary-school,script:schoolfinder-extract,script:independent-recheck
bowen-secondary-school,2025,2,NON_AFFILIATED,21,24,21 - 24,https://www.moe.gov.sg/schoolfinder/schooldetail?schoolname=bowen-secondary-school,script:schoolfinder-extract,script:independent-recheck
bowen-secondary-school,2025,1,NON_AFFILIATED,25,28,25 - 28,https://www.moe.gov.sg/schoolfinder/schooldetail?schoolname=bowen-secondary-school,script:schoolfinder-extract,script:independent-recheck
broadrick-secondary-school,2025,3,NON_AFFILIATED,5,22,5 - 22,https://www.moe.gov.sg/schoolfinder/schooldetail?schoolname=broadrick-secondary-school,script:schoolfinder-extract,script:independent-recheck
broadrick-secondary-school,2025,2,NON_AFFILIATED,21,25,21 - 25,https://www.moe.gov.sg/schoolfinder/schooldetail?schoolname=broadrick-secondary-school,script:schoolfinder-extract,script:independent-recheck
broadrick-secondary-school,2025,1,NON_AFFILIATED,26,30,26 - 30*,https://www.moe.gov.sg/schoolfinder/schooldetail?schoolname=broadrick-secondary-school,script:schoolfinder-extract,script:independent-recheck
bukit-batok-secondary-school,2025,3,NON_AFFILIATED,8,15,8 - 15,https://www.moe.gov.sg/schoolfinder/schooldetail?schoolname=bukit-batok-secondary-school,script:schoolfinder-extract,script:independent-recheck
bukit-batok-secondary-school,2025,2,NON_AFFILIATED,21,23,21 - 23,https://www.moe.gov.sg/schoolfinder/schooldetail?schoolname=bukit-batok-secondary-school,script:schoolfinder-extract,script:independent-recheck
bukit-batok-secondary-school,2025,1,NON_AFFILIATED,25,26,25 - 26,https://www.moe.gov.sg/schoolfinder/schooldetail?schoolname=bukit-batok-secondary-school,script:schoolfinder-extract,script:independent-recheck
bukit-merah-secondary-school,2025,3,NON_AFFILIATED,8,22,8 - 22,https://www.moe.gov.sg/schoolfinder/schooldetail?schoolname=bukit-merah-secondary-school,script:schoolfinder-extract,script:independent-recheck
bukit-merah-secondary-school,2025,2,NON_AFFILIATED,22,25,22 - 25,https://www.moe.gov.sg/schoolfinder/schooldetail?schoolname=bukit-merah-secondary-school,script:schoolfinder-extract,script:independent-recheck
bukit-merah-secondary-school,2025,1,NON_AFFILIATED,25,28,25 - 28,https://www.moe.gov.sg/schoolfinder/schooldetail?schoolname=bukit-merah-secondary-school,script:schoolfinder-extract,script:independent-recheck
bukit-panjang-govt-high-school,2025,3,NON_AFFILIATED,7,11,7 - 11,https://www.moe.gov.sg/schoolfinder/schooldetail?schoolname=bukit-panjang-govt-high-school,script:schoolfinder-extract,script:independent-recheck
bukit-panjang-govt-high-school,2025,2,NON_AFFILIATED,21,22,21 - 22,https://www.moe.gov.sg/schoolfinder/schooldetail?schoolname=bukit-panjang-govt-high-school,script:schoolfinder-extract,script:independent-recheck
bukit-panjang-govt-high-school,2025,1,NON_AFFILIATED,25,26,25 - 26,https://www.moe.gov.sg/schoolfinder/schooldetail?schoolname=bukit-panjang-govt-high-school,script:schoolfinder-extract,script:independent-recheck
bukit-view-secondary-school,2025,3,NON_AFFILIATED,13,20,13 - 20,https://www.moe.gov.sg/schoolfinder/schooldetail?schoolname=bukit-view-secondary-school,script:schoolfinder-extract,script:independent-recheck
bukit-view-secondary-school,2025,2,NON_AFFILIATED,21,24,21 - 24,https://www.moe.gov.sg/schoolfinder/schooldetail?schoolname=bukit-view-secondary-school,script:schoolfinder-extract,script:independent-recheck
bukit-view-secondary-school,2025,1,NON_AFFILIATED,25,29,25 - 29,https://www.moe.gov.sg/schoolfinder/schooldetail?schoolname=bukit-view-secondary-school,script:schoolfinder-extract,script:independent-recheck
canberra-secondary-school,2025,3,NON_AFFILIATED,17,22,17 - 22,https://www.moe.gov.sg/schoolfinder/schooldetail?schoolname=canberra-secondary-school,script:schoolfinder-extract,script:independent-recheck
canberra-secondary-school,2025,2,NON_AFFILIATED,21,25,21 - 25,https://www.moe.gov.sg/schoolfinder/schooldetail?schoolname=canberra-secondary-school,script:schoolfinder-extract,script:independent-recheck
canberra-secondary-school,2025,1,NON_AFFILIATED,25,29,25 - 29,https://www.moe.gov.sg/schoolfinder/schooldetail?schoolname=canberra-secondary-school,script:schoolfinder-extract,script:independent-recheck
catholic-high-school,2025,3,IP,4,7,4(D) - 7(M),https://www.moe.gov.sg/schoolfinder/schooldetail?schoolname=catholic-high-school-secondary,script:schoolfinder-extract,script:independent-recheck
catholic-high-school,2025,3,AFFILIATED,7,12,7 - 12,https://www.moe.gov.sg/schoolfinder/schooldetail?schoolname=catholic-high-school-secondary,script:schoolfinder-extract,script:independent-recheck
catholic-high-school,2025,3,NON_AFFILIATED,6,8,6(D) - 8(M),https://www.moe.gov.sg/schoolfinder/schooldetail?schoolname=catholic-high-school-secondary,script:schoolfinder-extract,script:independent-recheck
cedar-girls-secondary-school,2025,3,IP,4,9,4 - 9,https://www.moe.gov.sg/schoolfinder/schooldetail?schoolname=cedar-girls-secondary-school,script:schoolfinder-extract,script:independent-recheck
cedar-girls-secondary-school,2025,3,NON_AFFILIATED,6,9,6 - 9,https://www.moe.gov.sg/schoolfinder/schooldetail?schoolname=cedar-girls-secondary-school,script:schoolfinder-extract,script:independent-recheck
changkat-changi-secondary-school,2025,3,NON_AFFILIATED,11,22,11 - 22,https://www.moe.gov.sg/schoolfinder/schooldetail?schoolname=changkat-changi-secondary-school,script:schoolfinder-extract,script:independent-recheck
changkat-changi-secondary-school,2025,2,NON_AFFILIATED,21,25,21 - 25,https://www.moe.gov.sg/schoolfinder/schooldetail?schoolname=changkat-changi-secondary-school,script:schoolfinder-extract,script:independent-recheck
changkat-changi-secondary-school,2025,1,NON_AFFILIATED,25,30,25 - 30*,https://www.moe.gov.sg/schoolfinder/schooldetail?schoolname=changkat-changi-secondary-school,script:schoolfinder-extract,script:independent-recheck
chij-katong-convent,2025,3,AFFILIATED,12,20,12 - 20,https://www.moe.gov.sg/schoolfinder/schooldetail?schoolname=chij-katong-convent,script:schoolfinder-extract,script:independent-recheck
chij-katong-convent,2025,3,NON_AFFILIATED,11,14,11 - 14,https://www.moe.gov.sg/schoolfinder/schooldetail?schoolname=chij-katong-convent,script:schoolfinder-extract,script:independent-recheck
chij-katong-convent,2025,2,AFFILIATED,21,25,21 - 25,https://www.moe.gov.sg/schoolfinder/schooldetail?schoolname=chij-katong-convent,script:schoolfinder-extract,script:independent-recheck
chij-katong-convent,2025,2,NON_AFFILIATED,21,24,21 - 24,https://www.moe.gov.sg/schoolfinder/schooldetail?schoolname=chij-katong-convent,script:schoolfinder-extract,script:independent-recheck
chij-katong-convent,2025,1,AFFILIATED,25,28,25 - 28,https://www.moe.gov.sg/schoolfinder/schooldetail?schoolname=chij-katong-convent,script:schoolfinder-extract,script:independent-recheck
chij-katong-convent,2025,1,NON_AFFILIATED,26,30,26 - 30*,https://www.moe.gov.sg/schoolfinder/schooldetail?schoolname=chij-katong-convent,script:schoolfinder-extract,script:independent-recheck
chij-secondary-toa-payoh,2025,3,AFFILIATED,8,20,8 - 20,https://www.moe.gov.sg/schoolfinder/schooldetail?schoolname=chij-secondary-toa-payoh,script:schoolfinder-extract,script:independent-recheck
chij-secondary-toa-payoh,2025,3,NON_AFFILIATED,6,10,6 - 10,https://www.moe.gov.sg/schoolfinder/schooldetail?schoolname=chij-secondary-toa-payoh,script:schoolfinder-extract,script:independent-recheck
chij-secondary-toa-payoh,2025,2,AFFILIATED,21,25,21 - 25,https://www.moe.gov.sg/schoolfinder/schooldetail?schoolname=chij-secondary-toa-payoh,script:schoolfinder-extract,script:independent-recheck
chij-secondary-toa-payoh,2025,2,NON_AFFILIATED,21,22,21 - 22,https://www.moe.gov.sg/schoolfinder/schooldetail?schoolname=chij-secondary-toa-payoh,script:schoolfinder-extract,script:independent-recheck
chij-secondary-toa-payoh,2025,1,AFFILIATED,26,29,26 - 29,https://www.moe.gov.sg/schoolfinder/schooldetail?schoolname=chij-secondary-toa-payoh,script:schoolfinder-extract,script:independent-recheck
chij-secondary-toa-payoh,2025,1,NON_AFFILIATED,25,28,25 - 28,https://www.moe.gov.sg/schoolfinder/schooldetail?schoolname=chij-secondary-toa-payoh,script:schoolfinder-extract,script:independent-recheck
chij-st-josephs-convent,2025,3,AFFILIATED,11,20,11 - 20,https://www.moe.gov.sg/schoolfinder/schooldetail?schoolname=chij-st-josephs-convent,script:schoolfinder-extract,script:independent-recheck
chij-st-josephs-convent,2025,3,NON_AFFILIATED,8,14,8 - 14,https://www.moe.gov.sg/schoolfinder/schooldetail?schoolname=chij-st-josephs-convent,script:schoolfinder-extract,script:independent-recheck
chij-st-josephs-convent,2025,2,AFFILIATED,21,25,21 - 25,https://www.moe.gov.sg/schoolfinder/schooldetail?schoolname=chij-st-josephs-convent,script:schoolfinder-extract,script:independent-recheck
chij-st-josephs-convent,2025,2,NON_AFFILIATED,21,23,21 - 23,https://www.moe.gov.sg/schoolfinder/schooldetail?schoolname=chij-st-josephs-convent,script:schoolfinder-extract,script:independent-recheck
chij-st-josephs-convent,2025,1,AFFILIATED,25,28,25 - 28,https://www.moe.gov.sg/schoolfinder/schooldetail?schoolname=chij-st-josephs-convent,script:schoolfinder-extract,script:independent-recheck
chij-st-josephs-convent,2025,1,NON_AFFILIATED,25,28,25 - 28,https://www.moe.gov.sg/schoolfinder/schooldetail?schoolname=chij-st-josephs-convent,script:schoolfinder-extract,script:independent-recheck
chij-st-nicholas-girls-school,2025,3,IP,4,7,4(D) - 7(M),https://www.moe.gov.sg/schoolfinder/schooldetail?schoolname=chij-st-nicholas-girls-school-secondary,script:schoolfinder-extract,script:independent-recheck
chij-st-nicholas-girls-school,2025,3,AFFILIATED,7,14,7(M) - 14,https://www.moe.gov.sg/schoolfinder/schooldetail?schoolname=chij-st-nicholas-girls-school-secondary,script:schoolfinder-extract,script:independent-recheck
chij-st-nicholas-girls-school,2025,3,NON_AFFILIATED,6,8,6(M) - 8(M),https://www.moe.gov.sg/schoolfinder/schooldetail?schoolname=chij-st-nicholas-girls-school-secondary,script:schoolfinder-extract,script:independent-recheck
chij-st-theresas-convent,2025,3,AFFILIATED,9,20,9 - 20,https://www.moe.gov.sg/schoolfinder/schooldetail?schoolname=chij-st-theresas-convent,script:schoolfinder-extract,script:independent-recheck
chij-st-theresas-convent,2025,3,NON_AFFILIATED,11,13,11 - 13,https://www.moe.gov.sg/schoolfinder/schooldetail?schoolname=chij-st-theresas-convent,script:schoolfinder-extract,script:independent-recheck
chij-st-theresas-convent,2025,2,AFFILIATED,21,25,21 - 25,https://www.moe.gov.sg/schoolfinder/schooldetail?schoolname=chij-st-theresas-convent,script:schoolfinder-extract,script:independent-recheck
chij-st-theresas-convent,2025,2,NON_AFFILIATED,21,24,21 - 24,https://www.moe.gov.sg/schoolfinder/schooldetail?schoolname=chij-st-theresas-convent,script:schoolfinder-extract,script:independent-recheck
chij-st-theresas-convent,2025,1,AFFILIATED,26,28,26 - 28,https://www.moe.gov.sg/schoolfinder/schooldetail?schoolname=chij-st-theresas-convent,script:schoolfinder-extract,script:independent-recheck
chij-st-theresas-convent,2025,1,NON_AFFILIATED,25,30,25 - 30*,https://www.moe.gov.sg/schoolfinder/schooldetail?schoolname=chij-st-theresas-convent,script:schoolfinder-extract,script:independent-recheck
christ-church-secondary-school,2025,3,NON_AFFILIATED,12,17,12 - 17,https://www.moe.gov.sg/schoolfinder/schooldetail?schoolname=christ-church-secondary-school,script:schoolfinder-extract,script:independent-recheck
christ-church-secondary-school,2025,2,NON_AFFILIATED,21,23,21 - 23,https://www.moe.gov.sg/schoolfinder/schooldetail?schoolname=christ-church-secondary-school,script:schoolfinder-extract,script:independent-recheck
christ-church-secondary-school,2025,1,NON_AFFILIATED,25,29,25 - 29,https://www.moe.gov.sg/schoolfinder/schooldetail?schoolname=christ-church-secondary-school,script:schoolfinder-extract,script:independent-recheck
chua-chu-kang-secondary-school,2025,3,NON_AFFILIATED,14,20,14 - 20,https://www.moe.gov.sg/schoolfinder/schooldetail?schoolname=chua-chu-kang-secondary-school,script:schoolfinder-extract,script:independent-recheck
chua-chu-kang-secondary-school,2025,2,NON_AFFILIATED,21,24,21 - 24,https://www.moe.gov.sg/schoolfinder/schooldetail?schoolname=chua-chu-kang-secondary-school,script:schoolfinder-extract,script:independent-recheck
chua-chu-kang-secondary-school,2025,1,NON_AFFILIATED,25,28,25 - 28,https://www.moe.gov.sg/schoolfinder/schooldetail?schoolname=chua-chu-kang-secondary-school,script:schoolfinder-extract,script:independent-recheck
chung-cheng-high-school-main,2025,3,NON_AFFILIATED,5,10,5(D) - 10(M),https://www.moe.gov.sg/schoolfinder/schooldetail?schoolname=chung-cheng-high-school-main,script:schoolfinder-extract,script:independent-recheck
chung-cheng-high-school-yishun,2025,3,NON_AFFILIATED,6,11,6 - 11,https://www.moe.gov.sg/schoolfinder/schooldetail?schoolname=chung-cheng-high-school-yishun,script:schoolfinder-extract,script:independent-recheck
chung-cheng-high-school-yishun,2025,2,NON_AFFILIATED,21,22,21 - 22,https://www.moe.gov.sg/schoolfinder/schooldetail?schoolname=chung-cheng-high-school-yishun,script:schoolfinder-extract,script:independent-recheck
chung-cheng-high-school-yishun,2025,1,NON_AFFILIATED,25,27,25 - 27,https://www.moe.gov.sg/schoolfinder/schooldetail?schoolname=chung-cheng-high-school-yishun,script:schoolfinder-extract,script:independent-recheck
clementi-town-secondary-school,2025,3,NON_AFFILIATED,8,13,8 - 13,https://www.moe.gov.sg/schoolfinder/schooldetail?schoolname=clementi-town-secondary-school,script:schoolfinder-extract,script:independent-recheck
clementi-town-secondary-school,2025,2,NON_AFFILIATED,21,23,21 - 23,https://www.moe.gov.sg/schoolfinder/schooldetail?schoolname=clementi-town-secondary-school,script:schoolfinder-extract,script:independent-recheck
clementi-town-secondary-school,2025,1,NON_AFFILIATED,25,28,25 - 28,https://www.moe.gov.sg/schoolfinder/schooldetail?schoolname=clementi-town-secondary-school,script:schoolfinder-extract,script:independent-recheck
commonwealth-secondary-school,2025,3,NON_AFFILIATED,8,13,8 - 13,https://www.moe.gov.sg/schoolfinder/schooldetail?schoolname=commonwealth-secondary-school,script:schoolfinder-extract,script:independent-recheck
commonwealth-secondary-school,2025,2,NON_AFFILIATED,21,23,21 - 23,https://www.moe.gov.sg/schoolfinder/schooldetail?schoolname=commonwealth-secondary-school,script:schoolfinder-extract,script:independent-recheck
commonwealth-secondary-school,2025,1,NON_AFFILIATED,25,28,25 - 28,https://www.moe.gov.sg/schoolfinder/schooldetail?schoolname=commonwealth-secondary-school,script:schoolfinder-extract,script:independent-recheck
compassvale-secondary-school,2025,3,NON_AFFILIATED,14,18,14 - 18,https://www.moe.gov.sg/schoolfinder/schooldetail?schoolname=compassvale-secondary-school,script:schoolfinder-extract,script:independent-recheck
compassvale-secondary-school,2025,2,NON_AFFILIATED,21,24,21 - 24,https://www.moe.gov.sg/schoolfinder/schooldetail?schoolname=compassvale-secondary-school,script:schoolfinder-extract,script:independent-recheck
compassvale-secondary-school,2025,1,NON_AFFILIATED,25,27,25 - 27,https://www.moe.gov.sg/schoolfinder/schooldetail?schoolname=compassvale-secondary-school,script:schoolfinder-extract,script:independent-recheck
crescent-girls-school,2025,3,NON_AFFILIATED,7,13,7 - 13,https://www.moe.gov.sg/schoolfinder/schooldetail?schoolname=crescent-girls-school,script:schoolfinder-extract,script:independent-recheck
crescent-girls-school,2025,2,NON_AFFILIATED,21,23,21 - 23,https://www.moe.gov.sg/schoolfinder/schooldetail?schoolname=crescent-girls-school,script:schoolfinder-extract,script:independent-recheck
damai-secondary-school,2025,3,NON_AFFILIATED,10,22,10 - 22,https://www.moe.gov.sg/schoolfinder/schooldetail?schoolname=damai-secondary-school,script:schoolfinder-extract,script:independent-recheck
damai-secondary-school,2025,2,NON_AFFILIATED,21,25,21 - 25,https://www.moe.gov.sg/schoolfinder/schooldetail?schoolname=damai-secondary-school,script:schoolfinder-extract,script:independent-recheck
damai-secondary-school,2025,1,NON_AFFILIATED,26,30,26 - 30*,https://www.moe.gov.sg/schoolfinder/schooldetail?schoolname=damai-secondary-school,script:schoolfinder-extract,script:independent-recheck
deyi-secondary-school,2025,3,NON_AFFILIATED,9,16,9 - 16,https://www.moe.gov.sg/schoolfinder/schooldetail?schoolname=deyi-secondary-school,script:schoolfinder-extract,script:independent-recheck
deyi-secondary-school,2025,2,NON_AFFILIATED,21,24,21 - 24,https://www.moe.gov.sg/schoolfinder/schooldetail?schoolname=deyi-secondary-school,script:schoolfinder-extract,script:independent-recheck
deyi-secondary-school,2025,1,NON_AFFILIATED,25,30,25 - 30*,https://www.moe.gov.sg/schoolfinder/schooldetail?schoolname=deyi-secondary-school,script:schoolfinder-extract,script:independent-recheck
dunearn-secondary-school,2025,3,NON_AFFILIATED,11,22,11 - 22,https://www.moe.gov.sg/schoolfinder/schooldetail?schoolname=dunearn-secondary-school,script:schoolfinder-extract,script:independent-recheck
dunearn-secondary-school,2025,2,NON_AFFILIATED,22,25,22 - 25,https://www.moe.gov.sg/schoolfinder/schooldetail?schoolname=dunearn-secondary-school,script:schoolfinder-extract,script:independent-recheck
dunearn-secondary-school,2025,1,NON_AFFILIATED,25,29,25 - 29,https://www.moe.gov.sg/schoolfinder/schooldetail?schoolname=dunearn-secondary-school,script:schoolfinder-extract,script:independent-recheck
dunman-high-school,2025,3,IP,4,8,4(D) - 8(M),https://www.moe.gov.sg/schoolfinder/schooldetail?schoolname=dunman-high-school-secondary,script:schoolfinder-extract,script:independent-recheck
dunman-secondary-school,2025,3,NON_AFFILIATED,6,14,6 - 14,https://www.moe.gov.sg/schoolfinder/schooldetail?schoolname=dunman-secondary-school,script:schoolfinder-extract,script:independent-recheck
dunman-secondary-school,2025,2,NON_AFFILIATED,21,23,21 - 23,https://www.moe.gov.sg/schoolfinder/schooldetail?schoolname=dunman-secondary-school,script:schoolfinder-extract,script:independent-recheck
dunman-secondary-school,2025,1,NON_AFFILIATED,25,27,25 - 27,https://www.moe.gov.sg/schoolfinder/schooldetail?schoolname=dunman-secondary-school,script:schoolfinder-extract,script:independent-recheck
east-spring-secondary-school,2025,3,NON_AFFILIATED,16,22,16 - 22,https://www.moe.gov.sg/schoolfinder/schooldetail?schoolname=east-spring-secondary-school,script:schoolfinder-extract,script:independent-recheck
east-spring-secondary-school,2025,2,NON_AFFILIATED,21,25,21 - 25,https://www.moe.gov.sg/schoolfinder/schooldetail?schoolname=east-spring-secondary-school,script:schoolfinder-extract,script:independent-recheck
east-spring-secondary-school,2025,1,NON_AFFILIATED,26,29,26 - 29,https://www.moe.gov.sg/schoolfinder/schooldetail?schoolname=east-spring-secondary-school,script:schoolfinder-extract,script:independent-recheck
edgefield-secondary-school,2025,3,NON_AFFILIATED,5,14,5 - 14,https://www.moe.gov.sg/schoolfinder/schooldetail?schoolname=edgefield-secondary-school,script:schoolfinder-extract,script:independent-recheck
edgefield-secondary-school,2025,2,NON_AFFILIATED,21,23,21 - 23,https://www.moe.gov.sg/schoolfinder/schooldetail?schoolname=edgefield-secondary-school,script:schoolfinder-extract,script:independent-recheck
edgefield-secondary-school,2025,1,NON_AFFILIATED,25,27,25 - 27,https://www.moe.gov.sg/schoolfinder/schooldetail?schoolname=edgefield-secondary-school,script:schoolfinder-extract,script:independent-recheck
evergreen-secondary-school,2025,3,NON_AFFILIATED,10,15,10 - 15,https://www.moe.gov.sg/schoolfinder/schooldetail?schoolname=evergreen-secondary-school,script:schoolfinder-extract,script:independent-recheck
evergreen-secondary-school,2025,2,NON_AFFILIATED,21,23,21 - 23,https://www.moe.gov.sg/schoolfinder/schooldetail?schoolname=evergreen-secondary-school,script:schoolfinder-extract,script:independent-recheck
evergreen-secondary-school,2025,1,NON_AFFILIATED,25,26,25 - 26,https://www.moe.gov.sg/schoolfinder/schooldetail?schoolname=evergreen-secondary-school,script:schoolfinder-extract,script:independent-recheck
fairfield-methodist-school-secondary,2025,3,AFFILIATED,6,20,6 - 20,https://www.moe.gov.sg/schoolfinder/schooldetail?schoolname=fairfield-methodist-school-secondary,script:schoolfinder-extract,script:independent-recheck
fairfield-methodist-school-secondary,2025,3,NON_AFFILIATED,6,11,6 - 11,https://www.moe.gov.sg/schoolfinder/schooldetail?schoolname=fairfield-methodist-school-secondary,script:schoolfinder-extract,script:independent-recheck
fairfield-methodist-school-secondary,2025,2,AFFILIATED,21,25,21 - 25,https://www.moe.gov.sg/schoolfinder/schooldetail?schoolname=fairfield-methodist-school-secondary,script:schoolfinder-extract,script:independent-recheck
fairfield-methodist-school-secondary,2025,2,NON_AFFILIATED,21,21,21 - 21,https://www.moe.gov.sg/schoolfinder/schooldetail?schoolname=fairfield-methodist-school-secondary,script:schoolfinder-extract,script:independent-recheck
fairfield-methodist-school-secondary,2025,1,AFFILIATED,25,28,25 - 28,https://www.moe.gov.sg/schoolfinder/schooldetail?schoolname=fairfield-methodist-school-secondary,script:schoolfinder-extract,script:independent-recheck
fairfield-methodist-school-secondary,2025,1,NON_AFFILIATED,25,27,25 - 27,https://www.moe.gov.sg/schoolfinder/schooldetail?schoolname=fairfield-methodist-school-secondary,script:schoolfinder-extract,script:independent-recheck
fuhua-secondary-school,2025,3,NON_AFFILIATED,8,13,8 - 13,https://www.moe.gov.sg/schoolfinder/schooldetail?schoolname=fuhua-secondary-school,script:schoolfinder-extract,script:independent-recheck
fuhua-secondary-school,2025,2,NON_AFFILIATED,21,23,21 - 23,https://www.moe.gov.sg/schoolfinder/schooldetail?schoolname=fuhua-secondary-school,script:schoolfinder-extract,script:independent-recheck
fuhua-secondary-school,2025,1,NON_AFFILIATED,25,28,25 - 28,https://www.moe.gov.sg/schoolfinder/schooldetail?schoolname=fuhua-secondary-school,script:schoolfinder-extract,script:independent-recheck
gan-eng-seng-school,2025,3,NON_AFFILIATED,9,15,9 - 15,https://www.moe.gov.sg/schoolfinder/schooldetail?schoolname=gan-eng-seng-school,script:schoolfinder-extract,script:independent-recheck
gan-eng-seng-school,2025,2,NON_AFFILIATED,21,24,21 - 24,https://www.moe.gov.sg/schoolfinder/schooldetail?schoolname=gan-eng-seng-school,script:schoolfinder-extract,script:independent-recheck
gan-eng-seng-school,2025,1,NON_AFFILIATED,25,27,25 - 27,https://www.moe.gov.sg/schoolfinder/schooldetail?schoolname=gan-eng-seng-school,script:schoolfinder-extract,script:independent-recheck
geylang-methodist-school-secondary,2025,3,AFFILIATED,11,21,11 - 21,https://www.moe.gov.sg/schoolfinder/schooldetail?schoolname=geylang-methodist-school-secondary,script:schoolfinder-extract,script:independent-recheck
geylang-methodist-school-secondary,2025,3,NON_AFFILIATED,11,14,11 - 14,https://www.moe.gov.sg/schoolfinder/schooldetail?schoolname=geylang-methodist-school-secondary,script:schoolfinder-extract,script:independent-recheck
geylang-methodist-school-secondary,2025,2,AFFILIATED,22,25,22 - 25,https://www.moe.gov.sg/schoolfinder/schooldetail?schoolname=geylang-methodist-school-secondary,script:schoolfinder-extract,script:independent-recheck
geylang-methodist-school-secondary,2025,2,NON_AFFILIATED,21,24,21 - 24,https://www.moe.gov.sg/schoolfinder/schooldetail?schoolname=geylang-methodist-school-secondary,script:schoolfinder-extract,script:independent-recheck
geylang-methodist-school-secondary,2025,1,AFFILIATED,25,28,25 - 28,https://www.moe.gov.sg/schoolfinder/schooldetail?schoolname=geylang-methodist-school-secondary,script:schoolfinder-extract,script:independent-recheck
geylang-methodist-school-secondary,2025,1,NON_AFFILIATED,25,30,25 - 30*,https://www.moe.gov.sg/schoolfinder/schooldetail?schoolname=geylang-methodist-school-secondary,script:schoolfinder-extract,script:independent-recheck
greendale-secondary-school,2025,3,NON_AFFILIATED,11,16,11 - 16,https://www.moe.gov.sg/schoolfinder/schooldetail?schoolname=greendale-secondary-school,script:schoolfinder-extract,script:independent-recheck
greendale-secondary-school,2025,2,NON_AFFILIATED,21,23,21 - 23,https://www.moe.gov.sg/schoolfinder/schooldetail?schoolname=greendale-secondary-school,script:schoolfinder-extract,script:independent-recheck
greendale-secondary-school,2025,1,NON_AFFILIATED,25,27,25 - 27,https://www.moe.gov.sg/schoolfinder/schooldetail?schoolname=greendale-secondary-school,script:schoolfinder-extract,script:independent-recheck
greenridge-secondary-school,2025,3,NON_AFFILIATED,11,22,11 - 22,https://www.moe.gov.sg/schoolfinder/schooldetail?schoolname=greenridge-secondary-school,script:schoolfinder-extract,script:independent-recheck
greenridge-secondary-school,2025,2,NON_AFFILIATED,21,25,21 - 25,https://www.moe.gov.sg/schoolfinder/schooldetail?schoolname=greenridge-secondary-school,script:schoolfinder-extract,script:independent-recheck
greenridge-secondary-school,2025,1,NON_AFFILIATED,26,28,26 - 28,https://www.moe.gov.sg/schoolfinder/schooldetail?schoolname=greenridge-secondary-school,script:schoolfinder-extract,script:independent-recheck
guangyang-secondary-school,2025,3,NON_AFFILIATED,9,22,9 - 22,https://www.moe.gov.sg/schoolfinder/schooldetail?schoolname=guangyang-secondary-school,script:schoolfinder-extract,script:independent-recheck
guangyang-secondary-school,2025,2,NON_AFFILIATED,21,25,21 - 25,https://www.moe.gov.sg/schoolfinder/schooldetail?schoolname=guangyang-secondary-school,script:schoolfinder-extract,script:independent-recheck
guangyang-secondary-school,2025,1,NON_AFFILIATED,26,30,26 - 30*,https://www.moe.gov.sg/schoolfinder/schooldetail?schoolname=guangyang-secondary-school,script:schoolfinder-extract,script:independent-recheck
hai-sing-catholic-school,2025,3,NON_AFFILIATED,11,15,11 - 15,https://www.moe.gov.sg/schoolfinder/schooldetail?schoolname=hai-sing-catholic-school,script:schoolfinder-extract,script:independent-recheck
hai-sing-catholic-school,2025,2,NON_AFFILIATED,21,23,21 - 23,https://www.moe.gov.sg/schoolfinder/schooldetail?schoolname=hai-sing-catholic-school,script:schoolfinder-extract,script:independent-recheck
hai-sing-catholic-school,2025,1,NON_AFFILIATED,25,27,25 - 27,https://www.moe.gov.sg/schoolfinder/schooldetail?schoolname=hai-sing-catholic-school,script:schoolfinder-extract,script:independent-recheck
hillgrove-secondary-school,2025,3,NON_AFFILIATED,13,18,13 - 18,https://www.moe.gov.sg/schoolfinder/schooldetail?schoolname=hillgrove-secondary-school,script:schoolfinder-extract,script:independent-recheck
hillgrove-secondary-school,2025,2,NON_AFFILIATED,21,24,21 - 24,https://www.moe.gov.sg/schoolfinder/schooldetail?schoolname=hillgrove-secondary-school,script:schoolfinder-extract,script:independent-recheck
hillgrove-secondary-school,2025,1,NON_AFFILIATED,25,27,25 - 27,https://www.moe.gov.sg/schoolfinder/schooldetail?schoolname=hillgrove-secondary-school,script:schoolfinder-extract,script:independent-recheck
holy-innocents-high-school,2025,3,AFFILIATED,13,22,13 - 22,https://www.moe.gov.sg/schoolfinder/schooldetail?schoolname=holy-innocents-high-school,script:schoolfinder-extract,script:independent-recheck
holy-innocents-high-school,2025,3,NON_AFFILIATED,11,14,11 - 14,https://www.moe.gov.sg/schoolfinder/schooldetail?schoolname=holy-innocents-high-school,script:schoolfinder-extract,script:independent-recheck
holy-innocents-high-school,2025,2,AFFILIATED,23,25,23 - 25,https://www.moe.gov.sg/schoolfinder/schooldetail?schoolname=holy-innocents-high-school,script:schoolfinder-extract,script:independent-recheck
holy-innocents-high-school,2025,2,NON_AFFILIATED,21,24,21 - 24,https://www.moe.gov.sg/schoolfinder/schooldetail?schoolname=holy-innocents-high-school,script:schoolfinder-extract,script:independent-recheck
holy-innocents-high-school,2025,1,AFFILIATED,26,28,26 - 28,https://www.moe.gov.sg/schoolfinder/schooldetail?schoolname=holy-innocents-high-school,script:schoolfinder-extract,script:independent-recheck
holy-innocents-high-school,2025,1,NON_AFFILIATED,25,27,25 - 27,https://www.moe.gov.sg/schoolfinder/schooldetail?schoolname=holy-innocents-high-school,script:schoolfinder-extract,script:independent-recheck
hougang-secondary-school,2025,3,NON_AFFILIATED,14,20,14 - 20,https://www.moe.gov.sg/schoolfinder/schooldetail?schoolname=hougang-secondary-school,script:schoolfinder-extract,script:independent-recheck
hougang-secondary-school,2025,2,NON_AFFILIATED,21,24,21 - 24,https://www.moe.gov.sg/schoolfinder/schooldetail?schoolname=hougang-secondary-school,script:schoolfinder-extract,script:independent-recheck
hougang-secondary-school,2025,1,NON_AFFILIATED,25,27,25 - 27,https://www.moe.gov.sg/schoolfinder/schooldetail?schoolname=hougang-secondary-school,script:schoolfinder-extract,script:independent-recheck
hua-yi-secondary-school,2025,3,NON_AFFILIATED,8,14,8 - 14,https://www.moe.gov.sg/schoolfinder/schooldetail?schoolname=hua-yi-secondary-school,script:schoolfinder-extract,script:independent-recheck
hua-yi-secondary-school,2025,2,NON_AFFILIATED,21,23,21 - 23,https://www.moe.gov.sg/schoolfinder/schooldetail?schoolname=hua-yi-secondary-school,script:schoolfinder-extract,script:independent-recheck
hua-yi-secondary-school,2025,1,NON_AFFILIATED,25,27,25 - 27,https://www.moe.gov.sg/schoolfinder/schooldetail?schoolname=hua-yi-secondary-school,script:schoolfinder-extract,script:independent-recheck
hwa-chong-institution,2025,3,IP,4,6,4(D) - 6(M),https://www.moe.gov.sg/schoolfinder/schooldetail?schoolname=hwa-chong-institution-secondary,script:schoolfinder-extract,script:independent-recheck
junyuan-secondary-school,2025,3,NON_AFFILIATED,14,21,14 - 21,https://www.moe.gov.sg/schoolfinder/schooldetail?schoolname=junyuan-secondary-school,script:schoolfinder-extract,script:independent-recheck
junyuan-secondary-school,2025,2,NON_AFFILIATED,21,25,21 - 25,https://www.moe.gov.sg/schoolfinder/schooldetail?schoolname=junyuan-secondary-school,script:schoolfinder-extract,script:independent-recheck
junyuan-secondary-school,2025,1,NON_AFFILIATED,25,28,25 - 28,https://www.moe.gov.sg/schoolfinder/schooldetail?schoolname=junyuan-secondary-school,script:schoolfinder-extract,script:independent-recheck
jurong-secondary-school,2025,3,NON_AFFILIATED,12,16,12 - 16,https://www.moe.gov.sg/schoolfinder/schooldetail?schoolname=jurong-secondary-school,script:schoolfinder-extract,script:independent-recheck
jurong-secondary-school,2025,2,NON_AFFILIATED,21,24,21 - 24,https://www.moe.gov.sg/schoolfinder/schooldetail?schoolname=jurong-secondary-school,script:schoolfinder-extract,script:independent-recheck
jurong-secondary-school,2025,1,NON_AFFILIATED,25,27,25 - 27,https://www.moe.gov.sg/schoolfinder/schooldetail?schoolname=jurong-secondary-school,script:schoolfinder-extract,script:independent-recheck
jurong-west-secondary-school,2025,3,NON_AFFILIATED,11,16,11 - 16,https://www.moe.gov.sg/schoolfinder/schooldetail?schoolname=jurong-west-secondary-school,script:schoolfinder-extract,script:independent-recheck
jurong-west-secondary-school,2025,2,NON_AFFILIATED,21,24,21 - 24,https://www.moe.gov.sg/schoolfinder/schooldetail?schoolname=jurong-west-secondary-school,script:schoolfinder-extract,script:independent-recheck
jurong-west-secondary-school,2025,1,NON_AFFILIATED,25,28,25 - 28,https://www.moe.gov.sg/schoolfinder/schooldetail?schoolname=jurong-west-secondary-school,script:schoolfinder-extract,script:independent-recheck
jurongville-secondary-school,2025,3,NON_AFFILIATED,14,22,14 - 22,https://www.moe.gov.sg/schoolfinder/schooldetail?schoolname=jurongville-secondary-school,script:schoolfinder-extract,script:independent-recheck
jurongville-secondary-school,2025,2,NON_AFFILIATED,21,25,21 - 25,https://www.moe.gov.sg/schoolfinder/schooldetail?schoolname=jurongville-secondary-school,script:schoolfinder-extract,script:independent-recheck
jurongville-secondary-school,2025,1,NON_AFFILIATED,25,28,25 - 28,https://www.moe.gov.sg/schoolfinder/schooldetail?schoolname=jurongville-secondary-school,script:schoolfinder-extract,script:independent-recheck
juying-secondary-school,2025,3,NON_AFFILIATED,17,22,17 - 22,https://www.moe.gov.sg/schoolfinder/schooldetail?schoolname=juying-secondary-school,script:schoolfinder-extract,script:independent-recheck
juying-secondary-school,2025,2,NON_AFFILIATED,21,25,21 - 25,https://www.moe.gov.sg/schoolfinder/schooldetail?schoolname=juying-secondary-school,script:schoolfinder-extract,script:independent-recheck
juying-secondary-school,2025,1,NON_AFFILIATED,26,30,26 - 30*,https://www.moe.gov.sg/schoolfinder/schooldetail?schoolname=juying-secondary-school,script:schoolfinder-extract,script:independent-recheck
kent-ridge-secondary-school,2025,3,NON_AFFILIATED,13,18,13 - 18,https://www.moe.gov.sg/schoolfinder/schooldetail?schoolname=kent-ridge-secondary-school,script:schoolfinder-extract,script:independent-recheck
kent-ridge-secondary-school,2025,2,NON_AFFILIATED,21,24,21 - 24,https://www.moe.gov.sg/schoolfinder/schooldetail?schoolname=kent-ridge-secondary-school,script:schoolfinder-extract,script:independent-recheck
kent-ridge-secondary-school,2025,1,NON_AFFILIATED,25,30,25 - 30*,https://www.moe.gov.sg/schoolfinder/schooldetail?schoolname=kent-ridge-secondary-school,script:schoolfinder-extract,script:independent-recheck
kranji-secondary-school,2025,3,NON_AFFILIATED,10,14,10 - 14,https://www.moe.gov.sg/schoolfinder/schooldetail?schoolname=kranji-secondary-school,script:schoolfinder-extract,script:independent-recheck
kranji-secondary-school,2025,2,NON_AFFILIATED,21,24,21 - 24,https://www.moe.gov.sg/schoolfinder/schooldetail?schoolname=kranji-secondary-school,script:schoolfinder-extract,script:independent-recheck
kranji-secondary-school,2025,1,NON_AFFILIATED,25,28,25 - 28,https://www.moe.gov.sg/schoolfinder/schooldetail?schoolname=kranji-secondary-school,script:schoolfinder-extract,script:independent-recheck
kuo-chuan-presbyterian-secondary-school,2025,3,AFFILIATED,8,20,8 - 20,https://www.moe.gov.sg/schoolfinder/schooldetail?schoolname=kuo-chuan-presbyterian-secondary-school,script:schoolfinder-extract,script:independent-recheck
kuo-chuan-presbyterian-secondary-school,2025,2,AFFILIATED,21,25,21 - 25,https://www.moe.gov.sg/schoolfinder/schooldetail?schoolname=kuo-chuan-presbyterian-secondary-school,script:schoolfinder-extract,script:independent-recheck
kuo-chuan-presbyterian-secondary-school,2025,2,NON_AFFILIATED,21,23,21 - 23,https://www.moe.gov.sg/schoolfinder/schooldetail?schoolname=kuo-chuan-presbyterian-secondary-school,script:schoolfinder-extract,script:independent-recheck
kuo-chuan-presbyterian-secondary-school,2025,1,AFFILIATED,26,28,26 - 28,https://www.moe.gov.sg/schoolfinder/schooldetail?schoolname=kuo-chuan-presbyterian-secondary-school,script:schoolfinder-extract,script:independent-recheck
kuo-chuan-presbyterian-secondary-school,2025,1,NON_AFFILIATED,25,30,25 - 30*,https://www.moe.gov.sg/schoolfinder/schooldetail?schoolname=kuo-chuan-presbyterian-secondary-school,script:schoolfinder-extract,script:independent-recheck
loyang-view-secondary-school,2025,3,NON_AFFILIATED,16,22,16 - 22,https://www.moe.gov.sg/schoolfinder/schooldetail?schoolname=loyang-view-secondary-school,script:schoolfinder-extract,script:independent-recheck
loyang-view-secondary-school,2025,2,NON_AFFILIATED,22,25,22 - 25,https://www.moe.gov.sg/schoolfinder/schooldetail?schoolname=loyang-view-secondary-school,script:schoolfinder-extract,script:independent-recheck
loyang-view-secondary-school,2025,1,NON_AFFILIATED,25,30,25 - 30*,https://www.moe.gov.sg/schoolfinder/schooldetail?schoolname=loyang-view-secondary-school,script:schoolfinder-extract,script:independent-recheck
manjusri-secondary-school,2025,3,AFFILIATED,15,22,15 - 22,https://www.moe.gov.sg/schoolfinder/schooldetail?schoolname=manjusri-secondary-school,script:schoolfinder-extract,script:independent-recheck
manjusri-secondary-school,2025,3,NON_AFFILIATED,15,21,15 - 21,https://www.moe.gov.sg/schoolfinder/schooldetail?schoolname=manjusri-secondary-school,script:schoolfinder-extract,script:independent-recheck
manjusri-secondary-school,2025,2,AFFILIATED,22,25,22 - 25,https://www.moe.gov.sg/schoolfinder/schooldetail?schoolname=manjusri-secondary-school,script:schoolfinder-extract,script:independent-recheck
manjusri-secondary-school,2025,2,NON_AFFILIATED,21,25,21 - 25,https://www.moe.gov.sg/schoolfinder/schooldetail?schoolname=manjusri-secondary-school,script:schoolfinder-extract,script:independent-recheck
manjusri-secondary-school,2025,1,AFFILIATED,25,28,25 - 28,https://www.moe.gov.sg/schoolfinder/schooldetail?schoolname=manjusri-secondary-school,script:schoolfinder-extract,script:independent-recheck
manjusri-secondary-school,2025,1,NON_AFFILIATED,25,30,25 - 30*,https://www.moe.gov.sg/schoolfinder/schooldetail?schoolname=manjusri-secondary-school,script:schoolfinder-extract,script:independent-recheck
maris-stella-high-school,2025,3,AFFILIATED,4,16,4(M) - 16,https://www.moe.gov.sg/schoolfinder/schooldetail?schoolname=maris-stella-high-school-secondary,script:schoolfinder-extract,script:independent-recheck
maris-stella-high-school,2025,3,NON_AFFILIATED,7,12,7(M) - 12,https://www.moe.gov.sg/schoolfinder/schooldetail?schoolname=maris-stella-high-school-secondary,script:schoolfinder-extract,script:independent-recheck
marsiling-secondary-school,2025,3,NON_AFFILIATED,14,22,14 - 22,https://www.moe.gov.sg/schoolfinder/schooldetail?schoolname=marsiling-secondary-school,script:schoolfinder-extract,script:independent-recheck
marsiling-secondary-school,2025,2,NON_AFFILIATED,21,25,21 - 25,https://www.moe.gov.sg/schoolfinder/schooldetail?schoolname=marsiling-secondary-school,script:schoolfinder-extract,script:independent-recheck
marsiling-secondary-school,2025,1,NON_AFFILIATED,25,27,25 - 27,https://www.moe.gov.sg/schoolfinder/schooldetail?schoolname=marsiling-secondary-school,script:schoolfinder-extract,script:independent-recheck
mayflower-secondary-school,2025,3,NON_AFFILIATED,13,17,13 - 17,https://www.moe.gov.sg/schoolfinder/schooldetail?schoolname=mayflower-secondary-school,script:schoolfinder-extract,script:independent-recheck
mayflower-secondary-school,2025,2,NON_AFFILIATED,21,24,21 - 24,https://www.moe.gov.sg/schoolfinder/schooldetail?schoolname=mayflower-secondary-school,script:schoolfinder-extract,script:independent-recheck
mayflower-secondary-school,2025,1,NON_AFFILIATED,25,28,25 - 28,https://www.moe.gov.sg/schoolfinder/schooldetail?schoolname=mayflower-secondary-school,script:schoolfinder-extract,script:independent-recheck
meridian-secondary-school,2025,3,NON_AFFILIATED,13,22,13 - 22,https://www.moe.gov.sg/schoolfinder/schooldetail?schoolname=meridian-secondary-school,script:schoolfinder-extract,script:independent-recheck
meridian-secondary-school,2025,2,NON_AFFILIATED,21,25,21 - 25,https://www.moe.gov.sg/schoolfinder/schooldetail?schoolname=meridian-secondary-school,script:schoolfinder-extract,script:independent-recheck
meridian-secondary-school,2025,1,NON_AFFILIATED,25,28,25 - 28,https://www.moe.gov.sg/schoolfinder/schooldetail?schoolname=meridian-secondary-school,script:schoolfinder-extract,script:independent-recheck
methodist-girls-school-secondary,2025,3,IP,4,6,4 - 6,https://www.moe.gov.sg/schoolfinder/schooldetail?schoolname=methodist-girls-school-secondary,script:schoolfinder-extract,script:independent-recheck
methodist-girls-school-secondary,2025,3,AFFILIATED,7,17,7 - 17,https://www.moe.gov.sg/schoolfinder/schooldetail?schoolname=methodist-girls-school-secondary,script:schoolfinder-extract,script:independent-recheck
methodist-girls-school-secondary,2025,3,NON_AFFILIATED,6,8,6 - 8,https://www.moe.gov.sg/schoolfinder/schooldetail?schoolname=methodist-girls-school-secondary,script:schoolfinder-extract,script:independent-recheck
montfort-secondary-school,2025,3,AFFILIATED,11,22,11 - 22,https://www.moe.gov.sg/schoolfinder/schooldetail?schoolname=montfort-secondary-school,script:schoolfinder-extract,script:independent-recheck
montfort-secondary-school,2025,3,NON_AFFILIATED,14,22,14 - 22,https://www.moe.gov.sg/schoolfinder/schooldetail?schoolname=montfort-secondary-school,script:schoolfinder-extract,script:independent-recheck
montfort-secondary-school,2025,2,AFFILIATED,22,24,22 - 24,https://www.moe.gov.sg/schoolfinder/schooldetail?schoolname=montfort-secondary-school,script:schoolfinder-extract,script:independent-recheck
montfort-secondary-school,2025,2,NON_AFFILIATED,23,25,23 - 25,https://www.moe.gov.sg/schoolfinder/schooldetail?schoolname=montfort-secondary-school,script:schoolfinder-extract,script:independent-recheck
montfort-secondary-school,2025,1,AFFILIATED,26,28,26 - 28,https://www.moe.gov.sg/schoolfinder/schooldetail?schoolname=montfort-secondary-school,script:schoolfinder-extract,script:independent-recheck
montfort-secondary-school,2025,1,NON_AFFILIATED,27,29,27 - 29,https://www.moe.gov.sg/schoolfinder/schooldetail?schoolname=montfort-secondary-school,script:schoolfinder-extract,script:independent-recheck
nan-chiau-high-school,2025,3,NON_AFFILIATED,4,11,4(M) - 11(M),https://www.moe.gov.sg/schoolfinder/schooldetail?schoolname=nan-chiau-high-school,script:schoolfinder-extract,script:independent-recheck
nan-hua-high-school,2025,3,NON_AFFILIATED,5,10,5(M) - 10(M),https://www.moe.gov.sg/schoolfinder/schooldetail?schoolname=nan-hua-high-school,script:schoolfinder-extract,script:independent-recheck
nanyang-girls-high-school,2025,3,IP,4,6,4(D) - 6(M),https://www.moe.gov.sg/schoolfinder/schooldetail?schoolname=nanyang-girls-high-school,script:schoolfinder-extract,script:independent-recheck
nanyang-girls-high-school,2025,3,IP_AFFILIATED,4,8,4(D) - 8(M),https://www.moe.gov.sg/schoolfinder/schooldetail?schoolname=nanyang-girls-high-school,script:schoolfinder-extract,manual:moe-page-text-recheck
national-junior-college,2025,3,IP,5,8,5 - 8,https://www.moe.gov.sg/schoolfinder/schooldetail?schoolname=national-junior-college-secondary,script:schoolfinder-extract,script:independent-recheck
naval-base-secondary-school,2025,3,NON_AFFILIATED,13,19,13 - 19,https://www.moe.gov.sg/schoolfinder/schooldetail?schoolname=naval-base-secondary-school,script:schoolfinder-extract,script:independent-recheck
naval-base-secondary-school,2025,2,NON_AFFILIATED,21,24,21 - 24,https://www.moe.gov.sg/schoolfinder/schooldetail?schoolname=naval-base-secondary-school,script:schoolfinder-extract,script:independent-recheck
naval-base-secondary-school,2025,1,NON_AFFILIATED,25,27,25 - 27,https://www.moe.gov.sg/schoolfinder/schooldetail?schoolname=naval-base-secondary-school,script:schoolfinder-extract,script:independent-recheck
new-town-secondary-school,2025,3,NON_AFFILIATED,14,20,14 - 20,https://www.moe.gov.sg/schoolfinder/schooldetail?schoolname=new-town-secondary-school,script:schoolfinder-extract,script:independent-recheck
new-town-secondary-school,2025,2,NON_AFFILIATED,21,25,21 - 25,https://www.moe.gov.sg/schoolfinder/schooldetail?schoolname=new-town-secondary-school,script:schoolfinder-extract,script:independent-recheck
new-town-secondary-school,2025,1,NON_AFFILIATED,26,30,26 - 30*,https://www.moe.gov.sg/schoolfinder/schooldetail?schoolname=new-town-secondary-school,script:schoolfinder-extract,script:independent-recheck
ngee-ann-secondary-school,2025,3,AFFILIATED,12,16,12 - 16,https://www.moe.gov.sg/schoolfinder/schooldetail?schoolname=ngee-ann-secondary-school,script:schoolfinder-extract,script:independent-recheck
ngee-ann-secondary-school,2025,3,NON_AFFILIATED,6,12,6 - 12,https://www.moe.gov.sg/schoolfinder/schooldetail?schoolname=ngee-ann-secondary-school,script:schoolfinder-extract,script:independent-recheck
ngee-ann-secondary-school,2025,2,AFFILIATED,21,25,21 - 25,https://www.moe.gov.sg/schoolfinder/schooldetail?schoolname=ngee-ann-secondary-school,script:schoolfinder-extract,script:independent-recheck
ngee-ann-secondary-school,2025,2,NON_AFFILIATED,21,21,21 - 21,https://www.moe.gov.sg/schoolfinder/schooldetail?schoolname=ngee-ann-secondary-school,script:schoolfinder-extract,script:independent-recheck
ngee-ann-secondary-school,2025,1,AFFILIATED,25,28,25 - 28,https://www.moe.gov.sg/schoolfinder/schooldetail?schoolname=ngee-ann-secondary-school,script:schoolfinder-extract,script:independent-recheck
ngee-ann-secondary-school,2025,1,NON_AFFILIATED,25,26,25 - 26,https://www.moe.gov.sg/schoolfinder/schooldetail?schoolname=ngee-ann-secondary-school,script:schoolfinder-extract,script:independent-recheck
north-vista-secondary-school,2025,3,NON_AFFILIATED,11,18,11 - 18,https://www.moe.gov.sg/schoolfinder/schooldetail?schoolname=north-vista-secondary-school,script:schoolfinder-extract,script:independent-recheck
north-vista-secondary-school,2025,2,NON_AFFILIATED,21,24,21 - 24,https://www.moe.gov.sg/schoolfinder/schooldetail?schoolname=north-vista-secondary-school,script:schoolfinder-extract,script:independent-recheck
north-vista-secondary-school,2025,1,NON_AFFILIATED,25,28,25 - 28,https://www.moe.gov.sg/schoolfinder/schooldetail?schoolname=north-vista-secondary-school,script:schoolfinder-extract,script:independent-recheck
northbrooks-secondary-school,2025,3,NON_AFFILIATED,15,22,15 - 22,https://www.moe.gov.sg/schoolfinder/schooldetail?schoolname=northbrooks-secondary-school,script:schoolfinder-extract,script:independent-recheck
northbrooks-secondary-school,2025,2,NON_AFFILIATED,22,25,22 - 25,https://www.moe.gov.sg/schoolfinder/schooldetail?schoolname=northbrooks-secondary-school,script:schoolfinder-extract,script:independent-recheck
northbrooks-secondary-school,2025,1,NON_AFFILIATED,25,27,25 - 27,https://www.moe.gov.sg/schoolfinder/schooldetail?schoolname=northbrooks-secondary-school,script:schoolfinder-extract,script:independent-recheck
northland-secondary-school,2025,3,NON_AFFILIATED,15,22,15 - 22,https://www.moe.gov.sg/schoolfinder/schooldetail?schoolname=northland-secondary-school,script:schoolfinder-extract,script:independent-recheck
northland-secondary-school,2025,2,NON_AFFILIATED,22,25,22 - 25,https://www.moe.gov.sg/schoolfinder/schooldetail?schoolname=northland-secondary-school,script:schoolfinder-extract,script:independent-recheck
northland-secondary-school,2025,1,NON_AFFILIATED,25,28,25 - 28,https://www.moe.gov.sg/schoolfinder/schooldetail?schoolname=northland-secondary-school,script:schoolfinder-extract,script:independent-recheck
orchid-park-secondary-school,2025,3,NON_AFFILIATED,10,19,10 - 19,https://www.moe.gov.sg/schoolfinder/schooldetail?schoolname=orchid-park-secondary-school,script:schoolfinder-extract,script:independent-recheck
orchid-park-secondary-school,2025,2,NON_AFFILIATED,21,24,21 - 24,https://www.moe.gov.sg/schoolfinder/schooldetail?schoolname=orchid-park-secondary-school,script:schoolfinder-extract,script:independent-recheck
orchid-park-secondary-school,2025,1,NON_AFFILIATED,25,27,25 - 27,https://www.moe.gov.sg/schoolfinder/schooldetail?schoolname=orchid-park-secondary-school,script:schoolfinder-extract,script:independent-recheck
outram-secondary-school,2025,3,NON_AFFILIATED,9,17,9 - 17,https://www.moe.gov.sg/schoolfinder/schooldetail?schoolname=outram-secondary-school,script:schoolfinder-extract,script:independent-recheck
outram-secondary-school,2025,2,NON_AFFILIATED,21,23,21 - 23,https://www.moe.gov.sg/schoolfinder/schooldetail?schoolname=outram-secondary-school,script:schoolfinder-extract,script:independent-recheck
outram-secondary-school,2025,1,NON_AFFILIATED,25,26,25 - 26,https://www.moe.gov.sg/schoolfinder/schooldetail?schoolname=outram-secondary-school,script:schoolfinder-extract,script:independent-recheck
pasir-ris-crest-secondary-school,2025,3,NON_AFFILIATED,10,18,10 - 18,https://www.moe.gov.sg/schoolfinder/schooldetail?schoolname=pasir-ris-crest-secondary-school,script:schoolfinder-extract,script:independent-recheck
pasir-ris-crest-secondary-school,2025,2,NON_AFFILIATED,21,24,21 - 24,https://www.moe.gov.sg/schoolfinder/schooldetail?schoolname=pasir-ris-crest-secondary-school,script:schoolfinder-extract,script:independent-recheck
pasir-ris-crest-secondary-school,2025,1,NON_AFFILIATED,25,30,25 - 30*,https://www.moe.gov.sg/schoolfinder/schooldetail?schoolname=pasir-ris-crest-secondary-school,script:schoolfinder-extract,script:independent-recheck
pasir-ris-secondary-school,2025,3,NON_AFFILIATED,11,17,11 - 17,https://www.moe.gov.sg/schoolfinder/schooldetail?schoolname=pasir-ris-secondary-school,script:schoolfinder-extract,script:independent-recheck
pasir-ris-secondary-school,2025,2,NON_AFFILIATED,21,23,21 - 23,https://www.moe.gov.sg/schoolfinder/schooldetail?schoolname=pasir-ris-secondary-school,script:schoolfinder-extract,script:independent-recheck
pasir-ris-secondary-school,2025,1,NON_AFFILIATED,25,27,25 - 27,https://www.moe.gov.sg/schoolfinder/schooldetail?schoolname=pasir-ris-secondary-school,script:schoolfinder-extract,script:independent-recheck
paya-lebar-methodist-girls-school-secondary,2025,3,AFFILIATED,7,20,7 - 20,https://www.moe.gov.sg/schoolfinder/schooldetail?schoolname=paya-lebar-methodist-girls-school-secondary,script:schoolfinder-extract,script:independent-recheck
paya-lebar-methodist-girls-school-secondary,2025,3,NON_AFFILIATED,7,10,7 - 10,https://www.moe.gov.sg/schoolfinder/schooldetail?schoolname=paya-lebar-methodist-girls-school-secondary,script:schoolfinder-extract,script:independent-recheck
paya-lebar-methodist-girls-school-secondary,2025,2,AFFILIATED,21,25,21 - 25,https://www.moe.gov.sg/schoolfinder/schooldetail?schoolname=paya-lebar-methodist-girls-school-secondary,script:schoolfinder-extract,script:independent-recheck
paya-lebar-methodist-girls-school-secondary,2025,2,NON_AFFILIATED,21,23,21 - 23,https://www.moe.gov.sg/schoolfinder/schooldetail?schoolname=paya-lebar-methodist-girls-school-secondary,script:schoolfinder-extract,script:independent-recheck
paya-lebar-methodist-girls-school-secondary,2025,1,AFFILIATED,26,27,26 - 27,https://www.moe.gov.sg/schoolfinder/schooldetail?schoolname=paya-lebar-methodist-girls-school-secondary,script:schoolfinder-extract,script:independent-recheck
paya-lebar-methodist-girls-school-secondary,2025,1,NON_AFFILIATED,25,30,25 - 30*,https://www.moe.gov.sg/schoolfinder/schooldetail?schoolname=paya-lebar-methodist-girls-school-secondary,script:schoolfinder-extract,script:independent-recheck
pei-hwa-secondary-school,2025,3,NON_AFFILIATED,7,14,7 - 14,https://www.moe.gov.sg/schoolfinder/schooldetail?schoolname=pei-hwa-secondary-school,script:schoolfinder-extract,script:independent-recheck
pei-hwa-secondary-school,2025,2,NON_AFFILIATED,21,23,21 - 23,https://www.moe.gov.sg/schoolfinder/schooldetail?schoolname=pei-hwa-secondary-school,script:schoolfinder-extract,script:independent-recheck
pei-hwa-secondary-school,2025,1,NON_AFFILIATED,25,27,25 - 27,https://www.moe.gov.sg/schoolfinder/schooldetail?schoolname=pei-hwa-secondary-school,script:schoolfinder-extract,script:independent-recheck
peicai-secondary-school,2025,3,NON_AFFILIATED,14,20,14 - 20,https://www.moe.gov.sg/schoolfinder/schooldetail?schoolname=peicai-secondary-school,script:schoolfinder-extract,script:independent-recheck
peicai-secondary-school,2025,2,NON_AFFILIATED,21,25,21 - 25,https://www.moe.gov.sg/schoolfinder/schooldetail?schoolname=peicai-secondary-school,script:schoolfinder-extract,script:independent-recheck
peicai-secondary-school,2025,1,NON_AFFILIATED,26,30,26 - 30*,https://www.moe.gov.sg/schoolfinder/schooldetail?schoolname=peicai-secondary-school,script:schoolfinder-extract,script:independent-recheck
peirce-secondary-school,2025,3,NON_AFFILIATED,14,20,14 - 20,https://www.moe.gov.sg/schoolfinder/schooldetail?schoolname=peirce-secondary-school,script:schoolfinder-extract,script:independent-recheck
peirce-secondary-school,2025,2,NON_AFFILIATED,21,25,21 - 25,https://www.moe.gov.sg/schoolfinder/schooldetail?schoolname=peirce-secondary-school,script:schoolfinder-extract,script:independent-recheck
peirce-secondary-school,2025,1,NON_AFFILIATED,26,30,26 - 30*,https://www.moe.gov.sg/schoolfinder/schooldetail?schoolname=peirce-secondary-school,script:schoolfinder-extract,script:independent-recheck
presbyterian-high-school,2025,3,NON_AFFILIATED,8,13,8 - 13,https://www.moe.gov.sg/schoolfinder/schooldetail?schoolname=presbyterian-high-school,script:schoolfinder-extract,script:independent-recheck
presbyterian-high-school,2025,2,NON_AFFILIATED,21,24,21 - 24,https://www.moe.gov.sg/schoolfinder/schooldetail?schoolname=presbyterian-high-school,script:schoolfinder-extract,script:independent-recheck
presbyterian-high-school,2025,1,NON_AFFILIATED,25,28,25 - 28,https://www.moe.gov.sg/schoolfinder/schooldetail?schoolname=presbyterian-high-school,script:schoolfinder-extract,script:independent-recheck
punggol-secondary-school,2025,3,NON_AFFILIATED,13,19,13 - 19,https://www.moe.gov.sg/schoolfinder/schooldetail?schoolname=punggol-secondary-school,script:schoolfinder-extract,script:independent-recheck
punggol-secondary-school,2025,2,NON_AFFILIATED,21,24,21 - 24,https://www.moe.gov.sg/schoolfinder/schooldetail?schoolname=punggol-secondary-school,script:schoolfinder-extract,script:independent-recheck
punggol-secondary-school,2025,1,NON_AFFILIATED,25,27,25 - 27,https://www.moe.gov.sg/schoolfinder/schooldetail?schoolname=punggol-secondary-school,script:schoolfinder-extract,script:independent-recheck
queenstown-secondary-school,2025,3,NON_AFFILIATED,15,22,15 - 22,https://www.moe.gov.sg/schoolfinder/schooldetail?schoolname=queenstown-secondary-school,script:schoolfinder-extract,script:independent-recheck
queenstown-secondary-school,2025,2,NON_AFFILIATED,22,25,22 - 25,https://www.moe.gov.sg/schoolfinder/schooldetail?schoolname=queenstown-secondary-school,script:schoolfinder-extract,script:independent-recheck
queenstown-secondary-school,2025,1,NON_AFFILIATED,26,30,26 - 30*,https://www.moe.gov.sg/schoolfinder/schooldetail?schoolname=queenstown-secondary-school,script:schoolfinder-extract,script:independent-recheck
queensway-secondary-school,2025,3,NON_AFFILIATED,13,17,13 - 17,https://www.moe.gov.sg/schoolfinder/schooldetail?schoolname=queensway-secondary-school,script:schoolfinder-extract,script:independent-recheck
queensway-secondary-school,2025,2,NON_AFFILIATED,21,25,21 - 25,https://www.moe.gov.sg/schoolfinder/schooldetail?schoolname=queensway-secondary-school,script:schoolfinder-extract,script:independent-recheck
queensway-secondary-school,2025,1,NON_AFFILIATED,25,28,25 - 28,https://www.moe.gov.sg/schoolfinder/schooldetail?schoolname=queensway-secondary-school,script:schoolfinder-extract,script:independent-recheck
raffles-girls-school-secondary,2025,3,IP,4,6,4 - 6,https://www.moe.gov.sg/schoolfinder/schooldetail?schoolname=raffles-girls-school-secondary,script:schoolfinder-extract,script:independent-recheck
raffles-institution,2025,3,IP,4,6,4 - 6,https://www.moe.gov.sg/schoolfinder/schooldetail?schoolname=raffles-institution-secondary,script:schoolfinder-extract,script:independent-recheck
regent-secondary-school,2025,3,NON_AFFILIATED,17,22,17 - 22,https://www.moe.gov.sg/schoolfinder/schooldetail?schoolname=regent-secondary-school,script:schoolfinder-extract,script:independent-recheck
regent-secondary-school,2025,2,NON_AFFILIATED,23,25,23 - 25,https://www.moe.gov.sg/schoolfinder/schooldetail?schoolname=regent-secondary-school,script:schoolfinder-extract,script:independent-recheck
regent-secondary-school,2025,1,NON_AFFILIATED,26,30,26 - 30*,https://www.moe.gov.sg/schoolfinder/schooldetail?schoolname=regent-secondary-school,script:schoolfinder-extract,script:independent-recheck
river-valley-high-school,2025,3,IP,4,9,4(M) - 9(M),https://www.moe.gov.sg/schoolfinder/schooldetail?schoolname=river-valley-high-school-secondary,script:schoolfinder-extract,script:independent-recheck
riverside-secondary-school,2025,3,NON_AFFILIATED,8,14,8 - 14,https://www.moe.gov.sg/schoolfinder/schooldetail?schoolname=riverside-secondary-school,script:schoolfinder-extract,script:independent-recheck
riverside-secondary-school,2025,2,NON_AFFILIATED,21,23,21 - 23,https://www.moe.gov.sg/schoolfinder/schooldetail?schoolname=riverside-secondary-school,script:schoolfinder-extract,script:independent-recheck
riverside-secondary-school,2025,1,NON_AFFILIATED,25,27,25 - 27,https://www.moe.gov.sg/schoolfinder/schooldetail?schoolname=riverside-secondary-school,script:schoolfinder-extract,script:independent-recheck
sembawang-secondary-school,2025,3,NON_AFFILIATED,18,22,18 - 22,https://www.moe.gov.sg/schoolfinder/schooldetail?schoolname=sembawang-secondary-school,script:schoolfinder-extract,script:independent-recheck
sembawang-secondary-school,2025,2,NON_AFFILIATED,21,25,21 - 25,https://www.moe.gov.sg/schoolfinder/schooldetail?schoolname=sembawang-secondary-school,script:schoolfinder-extract,script:independent-recheck
sembawang-secondary-school,2025,1,NON_AFFILIATED,25,29,25 - 29,https://www.moe.gov.sg/schoolfinder/schooldetail?schoolname=sembawang-secondary-school,script:schoolfinder-extract,script:independent-recheck
seng-kang-secondary-school,2025,3,NON_AFFILIATED,14,19,14 - 19,https://www.moe.gov.sg/schoolfinder/schooldetail?schoolname=seng-kang-secondary-school,script:schoolfinder-extract,script:independent-recheck
seng-kang-secondary-school,2025,2,NON_AFFILIATED,21,24,21 - 24,https://www.moe.gov.sg/schoolfinder/schooldetail?schoolname=seng-kang-secondary-school,script:schoolfinder-extract,script:independent-recheck
seng-kang-secondary-school,2025,1,NON_AFFILIATED,25,27,25 - 27,https://www.moe.gov.sg/schoolfinder/schooldetail?schoolname=seng-kang-secondary-school,script:schoolfinder-extract,script:independent-recheck
serangoon-garden-secondary-school,2025,3,NON_AFFILIATED,12,22,12 - 22,https://www.moe.gov.sg/schoolfinder/schooldetail?schoolname=serangoon-garden-secondary-school,script:schoolfinder-extract,script:independent-recheck
serangoon-garden-secondary-school,2025,2,NON_AFFILIATED,21,25,21 - 25,https://www.moe.gov.sg/schoolfinder/schooldetail?schoolname=serangoon-garden-secondary-school,script:schoolfinder-extract,script:independent-recheck
serangoon-garden-secondary-school,2025,1,NON_AFFILIATED,26,30,26 - 30,https://www.moe.gov.sg/schoolfinder/schooldetail?schoolname=serangoon-garden-secondary-school,script:schoolfinder-extract,script:independent-recheck
serangoon-secondary-school,2025,3,NON_AFFILIATED,16,20,16 - 20,https://www.moe.gov.sg/schoolfinder/schooldetail?schoolname=serangoon-secondary-school,script:schoolfinder-extract,script:independent-recheck
serangoon-secondary-school,2025,2,NON_AFFILIATED,21,25,21 - 25,https://www.moe.gov.sg/schoolfinder/schooldetail?schoolname=serangoon-secondary-school,script:schoolfinder-extract,script:independent-recheck
serangoon-secondary-school,2025,1,NON_AFFILIATED,26,28,26 - 28,https://www.moe.gov.sg/schoolfinder/schooldetail?schoolname=serangoon-secondary-school,script:schoolfinder-extract,script:independent-recheck
singapore-chinese-girls-school,2025,3,IP,4,7,4 - 7,https://www.moe.gov.sg/schoolfinder/schooldetail?schoolname=singapore-chinese-girls-school,script:schoolfinder-extract,script:independent-recheck
singapore-chinese-girls-school,2025,3,AFFILIATED,7,17,7 - 17,https://www.moe.gov.sg/schoolfinder/schooldetail?schoolname=singapore-chinese-girls-school,script:schoolfinder-extract,script:independent-recheck
singapore-chinese-girls-school,2025,3,NON_AFFILIATED,6,8,6 - 8,https://www.moe.gov.sg/schoolfinder/schooldetail?schoolname=singapore-chinese-girls-school,script:schoolfinder-extract,script:independent-recheck
springfield-secondary-school,2025,3,NON_AFFILIATED,10,22,10 - 22,https://www.moe.gov.sg/schoolfinder/schooldetail?schoolname=springfield-secondary-school,script:schoolfinder-extract,script:independent-recheck
springfield-secondary-school,2025,2,NON_AFFILIATED,22,25,22 - 25,https://www.moe.gov.sg/schoolfinder/schooldetail?schoolname=springfield-secondary-school,script:schoolfinder-extract,script:independent-recheck
springfield-secondary-school,2025,1,NON_AFFILIATED,27,30,27 - 30*,https://www.moe.gov.sg/schoolfinder/schooldetail?schoolname=springfield-secondary-school,script:schoolfinder-extract,script:independent-recheck
st-andrews-school-secondary,2025,3,AFFILIATED,9,22,9 - 22,https://www.moe.gov.sg/schoolfinder/schooldetail?schoolname=st-andrews-school-secondary,script:schoolfinder-extract,script:independent-recheck
st-andrews-school-secondary,2025,3,NON_AFFILIATED,8,9,8 - 9,https://www.moe.gov.sg/schoolfinder/schooldetail?schoolname=st-andrews-school-secondary,script:schoolfinder-extract,script:independent-recheck
st-andrews-school-secondary,2025,2,AFFILIATED,21,25,21 - 25,https://www.moe.gov.sg/schoolfinder/schooldetail?schoolname=st-andrews-school-secondary,script:schoolfinder-extract,script:independent-recheck
st-andrews-school-secondary,2025,2,NON_AFFILIATED,21,21,21 - 21,https://www.moe.gov.sg/schoolfinder/schooldetail?schoolname=st-andrews-school-secondary,script:schoolfinder-extract,script:independent-recheck
st-andrews-school-secondary,2025,1,AFFILIATED,25,30,25 - 30,https://www.moe.gov.sg/schoolfinder/schooldetail?schoolname=st-andrews-school-secondary,script:schoolfinder-extract,script:independent-recheck
st-andrews-school-secondary,2025,1,NON_AFFILIATED,25,27,25 - 27,https://www.moe.gov.sg/schoolfinder/schooldetail?schoolname=st-andrews-school-secondary,script:schoolfinder-extract,script:independent-recheck
st-anthonys-canossian-secondary-school,2025,3,AFFILIATED,14,22,14 - 22,https://www.moe.gov.sg/schoolfinder/schooldetail?schoolname=st-anthonys-canossian-secondary-school,script:schoolfinder-extract,script:independent-recheck
st-anthonys-canossian-secondary-school,2025,3,NON_AFFILIATED,12,15,12 - 15,https://www.moe.gov.sg/schoolfinder/schooldetail?schoolname=st-anthonys-canossian-secondary-school,script:schoolfinder-extract,script:independent-recheck
st-anthonys-canossian-secondary-school,2025,2,AFFILIATED,22,25,22 - 25,https://www.moe.gov.sg/schoolfinder/schooldetail?schoolname=st-anthonys-canossian-secondary-school,script:schoolfinder-extract,script:independent-recheck
st-anthonys-canossian-secondary-school,2025,2,NON_AFFILIATED,21,24,21 - 24,https://www.moe.gov.sg/schoolfinder/schooldetail?schoolname=st-anthonys-canossian-secondary-school,script:schoolfinder-extract,script:independent-recheck
st-anthonys-canossian-secondary-school,2025,1,AFFILIATED,26,29,26 - 29,https://www.moe.gov.sg/schoolfinder/schooldetail?schoolname=st-anthonys-canossian-secondary-school,script:schoolfinder-extract,script:independent-recheck
st-anthonys-canossian-secondary-school,2025,1,NON_AFFILIATED,25,30,25 - 30*,https://www.moe.gov.sg/schoolfinder/schooldetail?schoolname=st-anthonys-canossian-secondary-school,script:schoolfinder-extract,script:independent-recheck
st-gabriels-secondary-school,2025,3,AFFILIATED,11,22,11 - 22,https://www.moe.gov.sg/schoolfinder/schooldetail?schoolname=st-gabriels-secondary-school,script:schoolfinder-extract,script:independent-recheck
st-gabriels-secondary-school,2025,3,NON_AFFILIATED,10,15,10 - 15,https://www.moe.gov.sg/schoolfinder/schooldetail?schoolname=st-gabriels-secondary-school,script:schoolfinder-extract,script:independent-recheck
st-gabriels-secondary-school,2025,2,AFFILIATED,23,25,23 - 25,https://www.moe.gov.sg/schoolfinder/schooldetail?schoolname=st-gabriels-secondary-school,script:schoolfinder-extract,script:independent-recheck
st-gabriels-secondary-school,2025,2,NON_AFFILIATED,21,24,21 - 24,https://www.moe.gov.sg/schoolfinder/schooldetail?schoolname=st-gabriels-secondary-school,script:schoolfinder-extract,script:independent-recheck
st-gabriels-secondary-school,2025,1,AFFILIATED,26,28,26 - 28,https://www.moe.gov.sg/schoolfinder/schooldetail?schoolname=st-gabriels-secondary-school,script:schoolfinder-extract,script:independent-recheck
st-gabriels-secondary-school,2025,1,NON_AFFILIATED,25,28,25 - 28,https://www.moe.gov.sg/schoolfinder/schooldetail?schoolname=st-gabriels-secondary-school,script:schoolfinder-extract,script:independent-recheck
st-hildas-secondary-school,2025,3,AFFILIATED,12,22,12 - 22,https://www.moe.gov.sg/schoolfinder/schooldetail?schoolname=st-hildas-secondary-school,script:schoolfinder-extract,script:independent-recheck
st-hildas-secondary-school,2025,3,NON_AFFILIATED,12,14,12 - 14,https://www.moe.gov.sg/schoolfinder/schooldetail?schoolname=st-hildas-secondary-school,script:schoolfinder-extract,script:independent-recheck
st-hildas-secondary-school,2025,2,AFFILIATED,22,25,22 - 25,https://www.moe.gov.sg/schoolfinder/schooldetail?schoolname=st-hildas-secondary-school,script:schoolfinder-extract,script:independent-recheck
st-hildas-secondary-school,2025,2,NON_AFFILIATED,21,23,21 - 23,https://www.moe.gov.sg/schoolfinder/schooldetail?schoolname=st-hildas-secondary-school,script:schoolfinder-extract,script:independent-recheck
st-hildas-secondary-school,2025,1,AFFILIATED,26,28,26 - 28,https://www.moe.gov.sg/schoolfinder/schooldetail?schoolname=st-hildas-secondary-school,script:schoolfinder-extract,script:independent-recheck
st-hildas-secondary-school,2025,1,NON_AFFILIATED,25,27,25 - 27,https://www.moe.gov.sg/schoolfinder/schooldetail?schoolname=st-hildas-secondary-school,script:schoolfinder-extract,script:independent-recheck
st-josephs-institution,2025,3,IP,4,7,4 - 7,https://www.moe.gov.sg/schoolfinder/schooldetail?schoolname=st-josephs-institution-secondary,script:schoolfinder-extract,script:independent-recheck
st-josephs-institution,2025,3,AFFILIATED,7,12,7 - 12,https://www.moe.gov.sg/schoolfinder/schooldetail?schoolname=st-josephs-institution-secondary,script:schoolfinder-extract,script:independent-recheck
st-josephs-institution,2025,3,NON_AFFILIATED,4,8,4 - 8,https://www.moe.gov.sg/schoolfinder/schooldetail?schoolname=st-josephs-institution-secondary,script:schoolfinder-extract,script:independent-recheck
st-margarets-school-secondary,2025,3,AFFILIATED,10,20,10 - 20,https://www.moe.gov.sg/schoolfinder/schooldetail?schoolname=st-margarets-school-secondary,script:schoolfinder-extract,script:independent-recheck
st-margarets-school-secondary,2025,3,NON_AFFILIATED,8,11,8 - 11,https://www.moe.gov.sg/schoolfinder/schooldetail?schoolname=st-margarets-school-secondary,script:schoolfinder-extract,script:independent-recheck
st-margarets-school-secondary,2025,2,AFFILIATED,21,25,21 - 25,https://www.moe.gov.sg/schoolfinder/schooldetail?schoolname=st-margarets-school-secondary,script:schoolfinder-extract,script:independent-recheck
st-margarets-school-secondary,2025,2,NON_AFFILIATED,21,23,21 - 23,https://www.moe.gov.sg/schoolfinder/schooldetail?schoolname=st-margarets-school-secondary,script:schoolfinder-extract,script:independent-recheck
st-margarets-school-secondary,2025,1,AFFILIATED,25,28,25 - 28,https://www.moe.gov.sg/schoolfinder/schooldetail?schoolname=st-margarets-school-secondary,script:schoolfinder-extract,script:independent-recheck
st-margarets-school-secondary,2025,1,NON_AFFILIATED,25,26,25 - 26,https://www.moe.gov.sg/schoolfinder/schooldetail?schoolname=st-margarets-school-secondary,script:schoolfinder-extract,script:independent-recheck
st-patricks-school,2025,3,AFFILIATED,13,20,13 - 20,https://www.moe.gov.sg/schoolfinder/schooldetail?schoolname=st-patricks-school,script:schoolfinder-extract,script:independent-recheck
st-patricks-school,2025,3,NON_AFFILIATED,11,11,11 - 11,https://www.moe.gov.sg/schoolfinder/schooldetail?schoolname=st-patricks-school,script:schoolfinder-extract,script:independent-recheck
st-patricks-school,2025,2,AFFILIATED,21,25,21 - 25,https://www.moe.gov.sg/schoolfinder/schooldetail?schoolname=st-patricks-school,script:schoolfinder-extract,script:independent-recheck
st-patricks-school,2025,2,NON_AFFILIATED,21,22,21 - 22,https://www.moe.gov.sg/schoolfinder/schooldetail?schoolname=st-patricks-school,script:schoolfinder-extract,script:independent-recheck
st-patricks-school,2025,1,AFFILIATED,25,28,25 - 28,https://www.moe.gov.sg/schoolfinder/schooldetail?schoolname=st-patricks-school,script:schoolfinder-extract,script:independent-recheck
st-patricks-school,2025,1,NON_AFFILIATED,25,27,25 - 27,https://www.moe.gov.sg/schoolfinder/schooldetail?schoolname=st-patricks-school,script:schoolfinder-extract,script:independent-recheck
swiss-cottage-secondary-school,2025,3,NON_AFFILIATED,8,11,8 - 11,https://www.moe.gov.sg/schoolfinder/schooldetail?schoolname=swiss-cottage-secondary-school,script:schoolfinder-extract,script:independent-recheck
swiss-cottage-secondary-school,2025,2,NON_AFFILIATED,21,22,21 - 22,https://www.moe.gov.sg/schoolfinder/schooldetail?schoolname=swiss-cottage-secondary-school,script:schoolfinder-extract,script:independent-recheck
swiss-cottage-secondary-school,2025,1,NON_AFFILIATED,25,26,25 - 26,https://www.moe.gov.sg/schoolfinder/schooldetail?schoolname=swiss-cottage-secondary-school,script:schoolfinder-extract,script:independent-recheck
tampines-secondary-school,2025,3,NON_AFFILIATED,13,19,13 - 19,https://www.moe.gov.sg/schoolfinder/schooldetail?schoolname=tampines-secondary-school,script:schoolfinder-extract,script:independent-recheck
tampines-secondary-school,2025,2,NON_AFFILIATED,21,24,21 - 24,https://www.moe.gov.sg/schoolfinder/schooldetail?schoolname=tampines-secondary-school,script:schoolfinder-extract,script:independent-recheck
tampines-secondary-school,2025,1,NON_AFFILIATED,25,27,25 - 27,https://www.moe.gov.sg/schoolfinder/schooldetail?schoolname=tampines-secondary-school,script:schoolfinder-extract,script:independent-recheck
tanjong-katong-girls-school,2025,3,NON_AFFILIATED,7,13,7 - 13,https://www.moe.gov.sg/schoolfinder/schooldetail?schoolname=tanjong-katong-girls-school,script:schoolfinder-extract,script:independent-recheck
tanjong-katong-girls-school,2025,2,NON_AFFILIATED,21,23,21 - 23,https://www.moe.gov.sg/schoolfinder/schooldetail?schoolname=tanjong-katong-girls-school,script:schoolfinder-extract,script:independent-recheck
tanjong-katong-secondary-school,2025,3,NON_AFFILIATED,7,13,7 - 13,https://www.moe.gov.sg/schoolfinder/schooldetail?schoolname=tanjong-katong-secondary-school,script:schoolfinder-extract,script:independent-recheck
tanjong-katong-secondary-school,2025,2,NON_AFFILIATED,21,23,21 - 23,https://www.moe.gov.sg/schoolfinder/schooldetail?schoolname=tanjong-katong-secondary-school,script:schoolfinder-extract,script:independent-recheck
temasek-junior-college,2025,3,IP,4,8,4 - 8,https://www.moe.gov.sg/schoolfinder/schooldetail?schoolname=temasek-junior-college-secondary,script:schoolfinder-extract,script:independent-recheck
temasek-secondary-school,2025,3,NON_AFFILIATED,8,11,8 - 11,https://www.moe.gov.sg/schoolfinder/schooldetail?schoolname=temasek-secondary-school,script:schoolfinder-extract,script:independent-recheck
temasek-secondary-school,2025,2,NON_AFFILIATED,21,22,21 - 22,https://www.moe.gov.sg/schoolfinder/schooldetail?schoolname=temasek-secondary-school,script:schoolfinder-extract,script:independent-recheck
temasek-secondary-school,2025,1,NON_AFFILIATED,25,26,25 - 26,https://www.moe.gov.sg/schoolfinder/schooldetail?schoolname=temasek-secondary-school,script:schoolfinder-extract,script:independent-recheck
unity-secondary-school,2025,3,NON_AFFILIATED,12,18,12 - 18,https://www.moe.gov.sg/schoolfinder/schooldetail?schoolname=unity-secondary-school,script:schoolfinder-extract,script:independent-recheck
unity-secondary-school,2025,2,NON_AFFILIATED,21,24,21 - 24,https://www.moe.gov.sg/schoolfinder/schooldetail?schoolname=unity-secondary-school,script:schoolfinder-extract,script:independent-recheck
unity-secondary-school,2025,1,NON_AFFILIATED,25,28,25 - 28,https://www.moe.gov.sg/schoolfinder/schooldetail?schoolname=unity-secondary-school,script:schoolfinder-extract,script:independent-recheck
victoria-school,2025,3,IP,5,8,5 - 8,https://www.moe.gov.sg/schoolfinder/schooldetail?schoolname=victoria-school,script:schoolfinder-extract,script:independent-recheck
victoria-school,2025,3,NON_AFFILIATED,6,9,6 - 9,https://www.moe.gov.sg/schoolfinder/schooldetail?schoolname=victoria-school,script:schoolfinder-extract,script:independent-recheck
west-spring-secondary-school,2025,3,NON_AFFILIATED,11,17,11 - 17,https://www.moe.gov.sg/schoolfinder/schooldetail?schoolname=west-spring-secondary-school,script:schoolfinder-extract,script:independent-recheck
west-spring-secondary-school,2025,2,NON_AFFILIATED,21,24,21 - 24,https://www.moe.gov.sg/schoolfinder/schooldetail?schoolname=west-spring-secondary-school,script:schoolfinder-extract,script:independent-recheck
west-spring-secondary-school,2025,1,NON_AFFILIATED,25,27,25 - 27,https://www.moe.gov.sg/schoolfinder/schooldetail?schoolname=west-spring-secondary-school,script:schoolfinder-extract,script:independent-recheck
westwood-secondary-school,2025,3,NON_AFFILIATED,12,22,12 - 22,https://www.moe.gov.sg/schoolfinder/schooldetail?schoolname=westwood-secondary-school,script:schoolfinder-extract,script:independent-recheck
westwood-secondary-school,2025,2,NON_AFFILIATED,21,25,21 - 25,https://www.moe.gov.sg/schoolfinder/schooldetail?schoolname=westwood-secondary-school,script:schoolfinder-extract,script:independent-recheck
westwood-secondary-school,2025,1,NON_AFFILIATED,25,28,25 - 28,https://www.moe.gov.sg/schoolfinder/schooldetail?schoolname=westwood-secondary-school,script:schoolfinder-extract,script:independent-recheck
whitley-secondary-school,2025,3,NON_AFFILIATED,15,22,15 - 22,https://www.moe.gov.sg/schoolfinder/schooldetail?schoolname=whitley-secondary-school,script:schoolfinder-extract,script:independent-recheck
whitley-secondary-school,2025,2,NON_AFFILIATED,22,25,22 - 25,https://www.moe.gov.sg/schoolfinder/schooldetail?schoolname=whitley-secondary-school,script:schoolfinder-extract,script:independent-recheck
whitley-secondary-school,2025,1,NON_AFFILIATED,26,30,26 - 30*,https://www.moe.gov.sg/schoolfinder/schooldetail?schoolname=whitley-secondary-school,script:schoolfinder-extract,script:independent-recheck
woodgrove-secondary-school,2025,3,NON_AFFILIATED,14,19,14 - 19,https://www.moe.gov.sg/schoolfinder/schooldetail?schoolname=woodgrove-secondary-school,script:schoolfinder-extract,script:independent-recheck
woodgrove-secondary-school,2025,2,NON_AFFILIATED,21,24,21 - 24,https://www.moe.gov.sg/schoolfinder/schooldetail?schoolname=woodgrove-secondary-school,script:schoolfinder-extract,script:independent-recheck
woodgrove-secondary-school,2025,1,NON_AFFILIATED,25,28,25 - 28,https://www.moe.gov.sg/schoolfinder/schooldetail?schoolname=woodgrove-secondary-school,script:schoolfinder-extract,script:independent-recheck
woodlands-ring-secondary-school,2025,3,NON_AFFILIATED,17,22,17 - 22,https://www.moe.gov.sg/schoolfinder/schooldetail?schoolname=woodlands-ring-secondary-school,script:schoolfinder-extract,script:independent-recheck
woodlands-ring-secondary-school,2025,2,NON_AFFILIATED,21,25,21 - 25,https://www.moe.gov.sg/schoolfinder/schooldetail?schoolname=woodlands-ring-secondary-school,script:schoolfinder-extract,script:independent-recheck
woodlands-ring-secondary-school,2025,1,NON_AFFILIATED,25,29,25 - 29,https://www.moe.gov.sg/schoolfinder/schooldetail?schoolname=woodlands-ring-secondary-school,script:schoolfinder-extract,script:independent-recheck
woodlands-secondary-school,2025,3,NON_AFFILIATED,15,22,15 - 22,https://www.moe.gov.sg/schoolfinder/schooldetail?schoolname=woodlands-secondary-school,script:schoolfinder-extract,script:independent-recheck
woodlands-secondary-school,2025,2,NON_AFFILIATED,21,25,21 - 25,https://www.moe.gov.sg/schoolfinder/schooldetail?schoolname=woodlands-secondary-school,script:schoolfinder-extract,script:independent-recheck
woodlands-secondary-school,2025,1,NON_AFFILIATED,25,28,25 - 28,https://www.moe.gov.sg/schoolfinder/schooldetail?schoolname=woodlands-secondary-school,script:schoolfinder-extract,script:independent-recheck
xinmin-secondary-school,2025,3,NON_AFFILIATED,8,13,8 - 13,https://www.moe.gov.sg/schoolfinder/schooldetail?schoolname=xinmin-secondary-school,script:schoolfinder-extract,script:independent-recheck
xinmin-secondary-school,2025,2,NON_AFFILIATED,21,23,21 - 23,https://www.moe.gov.sg/schoolfinder/schooldetail?schoolname=xinmin-secondary-school,script:schoolfinder-extract,script:independent-recheck
xinmin-secondary-school,2025,1,NON_AFFILIATED,25,28,25 - 28,https://www.moe.gov.sg/schoolfinder/schooldetail?schoolname=xinmin-secondary-school,script:schoolfinder-extract,script:independent-recheck
yio-chu-kang-secondary-school,2025,3,NON_AFFILIATED,15,22,15 - 22,https://www.moe.gov.sg/schoolfinder/schooldetail?schoolname=yio-chu-kang-secondary-school,script:schoolfinder-extract,script:independent-recheck
yio-chu-kang-secondary-school,2025,2,NON_AFFILIATED,23,25,23 - 25,https://www.moe.gov.sg/schoolfinder/schooldetail?schoolname=yio-chu-kang-secondary-school,script:schoolfinder-extract,script:independent-recheck
yio-chu-kang-secondary-school,2025,1,NON_AFFILIATED,25,30,25 - 30*,https://www.moe.gov.sg/schoolfinder/schooldetail?schoolname=yio-chu-kang-secondary-school,script:schoolfinder-extract,script:independent-recheck
yishun-secondary-school,2025,3,NON_AFFILIATED,12,20,12 - 20,https://www.moe.gov.sg/schoolfinder/schooldetail?schoolname=yishun-secondary-school,script:schoolfinder-extract,script:independent-recheck
yishun-secondary-school,2025,2,NON_AFFILIATED,21,24,21 - 24,https://www.moe.gov.sg/schoolfinder/schooldetail?schoolname=yishun-secondary-school,script:schoolfinder-extract,script:independent-recheck
yishun-secondary-school,2025,1,NON_AFFILIATED,25,27,25 - 27,https://www.moe.gov.sg/schoolfinder/schooldetail?schoolname=yishun-secondary-school,script:schoolfinder-extract,script:independent-recheck
yishun-town-secondary-school,2025,3,NON_AFFILIATED,5,13,5 - 13,https://www.moe.gov.sg/schoolfinder/schooldetail?schoolname=yishun-town-secondary-school,script:schoolfinder-extract,script:independent-recheck
yishun-town-secondary-school,2025,2,NON_AFFILIATED,21,22,21 - 22,https://www.moe.gov.sg/schoolfinder/schooldetail?schoolname=yishun-town-secondary-school,script:schoolfinder-extract,script:independent-recheck
yishun-town-secondary-school,2025,1,NON_AFFILIATED,25,27,25 - 27,https://www.moe.gov.sg/schoolfinder/schooldetail?schoolname=yishun-town-secondary-school,script:schoolfinder-extract,script:independent-recheck
yuan-ching-secondary-school,2025,3,NON_AFFILIATED,12,18,12 - 18,https://www.moe.gov.sg/schoolfinder/schooldetail?schoolname=yuan-ching-secondary-school,script:schoolfinder-extract,script:independent-recheck
yuan-ching-secondary-school,2025,2,NON_AFFILIATED,21,24,21 - 24,https://www.moe.gov.sg/schoolfinder/schooldetail?schoolname=yuan-ching-secondary-school,script:schoolfinder-extract,script:independent-recheck
yuan-ching-secondary-school,2025,1,NON_AFFILIATED,25,28,25 - 28,https://www.moe.gov.sg/schoolfinder/schooldetail?schoolname=yuan-ching-secondary-school,script:schoolfinder-extract,script:independent-recheck
yuhua-secondary-school,2025,3,NON_AFFILIATED,15,20,15 - 20,https://www.moe.gov.sg/schoolfinder/schooldetail?schoolname=yuhua-secondary-school,script:schoolfinder-extract,script:independent-recheck
yuhua-secondary-school,2025,2,NON_AFFILIATED,21,25,21 - 25,https://www.moe.gov.sg/schoolfinder/schooldetail?schoolname=yuhua-secondary-school,script:schoolfinder-extract,script:independent-recheck
yuhua-secondary-school,2025,1,NON_AFFILIATED,25,28,25 - 28,https://www.moe.gov.sg/schoolfinder/schooldetail?schoolname=yuhua-secondary-school,script:schoolfinder-extract,script:independent-recheck
yusof-ishak-secondary-school,2025,3,NON_AFFILIATED,7,15,7 - 15,https://www.moe.gov.sg/schoolfinder/schooldetail?schoolname=yusof-ishak-secondary-school,script:schoolfinder-extract,script:independent-recheck
yusof-ishak-secondary-school,2025,2,NON_AFFILIATED,21,22,21 - 22,https://www.moe.gov.sg/schoolfinder/schooldetail?schoolname=yusof-ishak-secondary-school,script:schoolfinder-extract,script:independent-recheck
yusof-ishak-secondary-school,2025,1,NON_AFFILIATED,25,27,25 - 27,https://www.moe.gov.sg/schoolfinder/schooldetail?schoolname=yusof-ishak-secondary-school,script:schoolfinder-extract,script:independent-recheck
yuying-secondary-school,2025,3,NON_AFFILIATED,11,22,11 - 22,https://www.moe.gov.sg/schoolfinder/schooldetail?schoolname=yuying-secondary-school,script:schoolfinder-extract,script:independent-recheck
yuying-secondary-school,2025,2,NON_AFFILIATED,22,25,22 - 25,https://www.moe.gov.sg/schoolfinder/schooldetail?schoolname=yuying-secondary-school,script:schoolfinder-extract,script:independent-recheck
yuying-secondary-school,2025,1,NON_AFFILIATED,25,29,25 - 29,https://www.moe.gov.sg/schoolfinder/schooldetail?schoolname=yuying-secondary-school,script:schoolfinder-extract,script:independent-recheck
zhenghua-secondary-school,2025,3,NON_AFFILIATED,14,20,14 - 20,https://www.moe.gov.sg/schoolfinder/schooldetail?schoolname=zhenghua-secondary-school,script:schoolfinder-extract,script:independent-recheck
zhenghua-secondary-school,2025,2,NON_AFFILIATED,21,24,21 - 24,https://www.moe.gov.sg/schoolfinder/schooldetail?schoolname=zhenghua-secondary-school,script:schoolfinder-extract,script:independent-recheck
zhenghua-secondary-school,2025,1,NON_AFFILIATED,25,27,25 - 27,https://www.moe.gov.sg/schoolfinder/schooldetail?schoolname=zhenghua-secondary-school,script:schoolfinder-extract,script:independent-recheck
zhonghua-secondary-school,2025,3,NON_AFFILIATED,8,12,8 - 12,https://www.moe.gov.sg/schoolfinder/schooldetail?schoolname=zhonghua-secondary-school,script:schoolfinder-extract,script:independent-recheck
zhonghua-secondary-school,2025,2,NON_AFFILIATED,21,23,21 - 23,https://www.moe.gov.sg/schoolfinder/schooldetail?schoolname=zhonghua-secondary-school,script:schoolfinder-extract,script:independent-recheck
zhonghua-secondary-school,2025,1,NON_AFFILIATED,25,27,25 - 27,https://www.moe.gov.sg/schoolfinder/schooldetail?schoolname=zhonghua-secondary-school,script:schoolfinder-extract,script:independent-recheck
