school_name,school_code,source_url
ADMIRALTY SECONDARY SCHOOL,admiralty-secondary-school,https://www.moe.gov.sg/schoolfinder/schooldetail?schoolname=admiralty-secondary-school
AHMAD IBRAHIM SECONDARY SCHOOL,ahmad-ibrahim-secondary-school,https://www.moe.gov.sg/schoolfinder/schooldetail?schoolname=ahmad-ibrahim-secondary-school
ANDERSON SECONDARY SCHOOL,anderson-secondary-school,https://www.moe.gov.sg/schoolfinder/schooldetail?schoolname=anderson-secondary-school
ANG MO KIO SECONDARY SCHOOL,ang-mo-kio-secondary-school,https://www.moe.gov.sg/schoolfinder/schooldetail?schoolname=ang-mo-kio-secondary-school
ANGLICAN HIGH SCHOOL,anglican-high-school,https://www.moe.gov.sg/schoolfinder/schooldetail?schoolname=anglican-high-school
ANGLO-CHINESE SCHOOL (BARKER ROAD),anglo-chinese-school-barker-road,https://www.moe.gov.sg/schoolfinder/schooldetail?schoolname=anglo-chinese-school-barker-road
ANGLO-CHINESE SCHOOL (INDEPENDENT),anglo-chinese-school-independent,https://www.moe.gov.sg/schoolfinder/schooldetail?schoolname=anglo-chinese-school-independent-secondary
ASSUMPTION ENGLISH SCHOOL,assumption-english-school,https://www.moe.gov.sg/schoolfinder/schooldetail?schoolname=assumption-english-school
ASSUMPTION PATHWAY SCHOOL,assumption-pathway-school,https://www.moe.gov.sg/schoolfinder/schooldetail?schoolname=assumption-pathway-school
BARTLEY SECONDARY SCHOOL,bartley-secondary-school,https://www.moe.gov.sg/schoolfinder/schooldetail?schoolname=bartley-secondary-school
BEATTY SECONDARY SCHOOL,beatty-secondary-school,https://www.moe.gov.sg/schoolfinder/schooldetail?schoolname=beatty-secondary-school
BEDOK GREEN SECONDARY SCHOOL,bedok-green-secondary-school,https://www.moe.gov.sg/schoolfinder/schooldetail?schoolname=bedok-green-secondary-school
BEDOK SOUTH SECONDARY SCHOOL,bedok-south-secondary-school,https://www.moe.gov.sg/schoolfinder/schooldetail?schoolname=bedok-south-secondary-school
BEDOK VIEW SECONDARY SCHOOL,bedok-view-secondary-school,https://www.moe.gov.sg/schoolfinder/schooldetail?schoolname=bedok-view-secondary-school
BENDEMEER SECONDARY SCHOOL,bendemeer-secondary-school,https://www.moe.gov.sg/schoolfinder/schooldetail?schoolname=bendemeer-secondary-school
BOON LAY SECONDARY SCHOOL,boon-lay-secondary-school,https://www.moe.gov.sg/schoolfinder/schooldetail?schoolname=boon-lay-secondary-school
BOWEN SECONDARY SCHOOL,bowen-secondary-school,https://www.moe.gov.sg/schoolfinder/schooldetail?schoolname=bowen-secondary-school
BROADRICK SECONDARY SCHOOL,broadrick-secondary-school,https://www.moe.gov.sg/schoolfinder/schooldetail?schoolname=broadrick-secondary-school
BUKIT BATOK SECONDARY SCHOOL,bukit-batok-secondary-school,https://www.moe.gov.sg/schoolfinder/schooldetail?schoolname=bukit-batok-secondary-school
BUKIT MERAH SECONDARY SCHOOL,bukit-merah-secondary-school,https://www.moe.gov.sg/schoolfinder/schooldetail?schoolname=bukit-merah-secondary-school
BUKIT PANJANG GOVT. HIGH SCHOOL,bukit-panjang-govt-high-school,https://www.moe.gov.sg/schoolfinder/schooldetail?schoolname=bukit-panjang-govt-high-school
BUKIT VIEW SECONDARY SCHOOL,bukit-view-secondary-school,https://www.moe.gov.sg/schoolfinder/schooldetail?schoolname=bukit-view-secondary-school
CANBERRA SECONDARY SCHOOL,canberra-secondary-school,https://www.moe.gov.sg/schoolfinder/schooldetail?schoolname=canberra-secondary-school
CATHOLIC HIGH SCHOOL,catholic-high-school,https://www.moe.gov.sg/schoolfinder/schooldetail?schoolname=catholic-high-school-secondary
CEDAR GIRLS' SECONDARY SCHOOL,cedar-girls-secondary-school,https://www.moe.gov.sg/schoolfinder/schooldetail?schoolname=cedar-girls-secondary-school
CHANGKAT CHANGI SECONDARY SCHOOL,changkat-changi-secondary-school,https://www.moe.gov.sg/schoolfinder/schooldetail?schoolname=changkat-changi-secondary-school
CHIJ KATONG CONVENT,chij-katong-convent,https://www.moe.gov.sg/schoolfinder/schooldetail?schoolname=chij-katong-convent
CHIJ SECONDARY (TOA PAYOH),chij-secondary-toa-payoh,https://www.moe.gov.sg/schoolfinder/schooldetail?schoolname=chij-secondary-toa-payoh
CHIJ ST. JOSEPH'S CONVENT,chij-st-josephs-convent,https://www.moe.gov.sg/schoolfinder/schooldetail?schoolname=chij-st-josephs-convent
CHIJ ST. NICHOLAS GIRLS' SCHOOL,chij-st-nicholas-girls-school,https://www.moe.gov.sg/schoolfinder/schooldetail?schoolname=chij-st-nicholas-girls-school-secondary
CHIJ ST. THERESA'S CONVENT,chij-st-theresas-convent,https://www.moe.gov.sg/schoolfinder/schooldetail?schoolname=chij-st-theresas-convent
CHRIST CHURCH SECONDARY SCHOOL,christ-church-secondary-school,https://www.moe.gov.sg/schoolfinder/schooldetail?schoolname=christ-church-secondary-school
CHUA CHU KANG SECONDARY SCHOOL,chua-chu-kang-secondary-school,https://www.moe.gov.sg/schoolfinder/schooldetail?schoolname=chua-chu-kang-secondary-school
CHUNG CHENG HIGH SCHOOL (MAIN),chung-cheng-high-school-main,https://www.moe.gov.sg/schoolfinder/schooldetail?schoolname=chung-cheng-high-school-main
CHUNG CHENG HIGH SCHOOL (YISHUN),chung-cheng-high-school-yishun,https://www.moe.gov.sg/schoolfinder/schooldetail?schoolname=chung-cheng-high-school-yishun
CLEMENTI TOWN SECONDARY SCHOOL,clementi-town-secondary-school,https://www.moe.gov.sg/schoolfinder/schooldetail?schoolname=clementi-town-secondary-school
COMMONWEALTH SECONDARY SCHOOL,commonwealth-secondary-school,https://www.moe.gov.sg/schoolfinder/schooldetail?schoolname=commonwealth-secondary-school
COMPASSVALE SECONDARY SCHOOL,compassvale-secondary-school,https://www.moe.gov.sg/schoolfinder/schooldetail?schoolname=compassvale-secondary-school
CRESCENT GIRLS' SCHOOL,crescent-girls-school,https://www.moe.gov.sg/schoolfinder/schooldetail?schoolname=crescent-girls-school
CREST SECONDARY SCHOOL,crest-secondary-school,https://www.moe.gov.sg/schoolfinder/schooldetail?schoolname=crest-secondary-school
DAMAI SECONDARY SCHOOL,damai-secondary-school,https://www.moe.gov.sg/schoolfinder/schooldetail?schoolname=damai-secondary-school
DEYI SECONDARY SCHOOL,deyi-secondary-school,https://www.moe.gov.sg/schoolfinder/schooldetail?schoolname=deyi-secondary-school
DUNEARN SECONDARY SCHOOL,dunearn-secondary-school,https://www.moe.gov.sg/schoolfinder/schooldetail?schoolname=dunearn-secondary-school
DUNMAN HIGH SCHOOL,dunman-high-school,https://www.moe.gov.sg/schoolfinder/schooldetail?schoolname=dunman-high-school-secondary
DUNMAN SECONDARY SCHOOL,dunman-secondary-school,https://www.moe.gov.sg/schoolfinder/schooldetail?schoolname=dunman-secondary-school
EAST SPRING SECONDARY SCHOOL,east-spring-secondary-school,https://www.moe.gov.sg/schoolfinder/schooldetail?schoolname=east-spring-secondary-school
EDGEFIELD SECONDARY SCHOOL,edgefield-secondary-school,https://www.moe.gov.sg/schoolfinder/schooldetail?schoolname=edgefield-secondary-school
EVERGREEN SECONDARY SCHOOL,evergreen-secondary-school,https://www.moe.gov.sg/schoolfinder/schooldetail?schoolname=evergreen-secondary-school
FAIRFIELD METHODIST SCHOOL (SECONDARY),fairfield-methodist-school-secondary,https://www.moe.gov.sg/schoolfinder/schooldetail?schoolname=fairfield-methodist-school-secondary
FUHUA SECONDARY SCHOOL,fuhua-secondary-school,https://www.moe.gov.sg/schoolfinder/schooldetail?schoolname=fuhua-secondary-school
GAN ENG SENG SCHOOL,gan-eng-seng-school,https://www.moe.gov.sg/schoolfinder/schooldetail?schoolname=gan-eng-seng-school
GEYLANG METHODIST SCHOOL (SECONDARY),geylang-methodist-school-secondary,https://www.moe.gov.sg/schoolfinder/schooldetail?schoolname=geylang-methodist-school-secondary
GREENDALE SECONDARY SCHOOL,greendale-secondary-school,https://www.moe.gov.sg/schoolfinder/schooldetail?schoolname=greendale-secondary-school
GREENRIDGE SECONDARY SCHOOL,greenridge-secondary-school,https://www.moe.gov.sg/schoolfinder/schooldetail?schoolname=greenridge-secondary-school
GUANGYANG SECONDARY SCHOOL,guangyang-secondary-school,https://www.moe.gov.sg/schoolfinder/schooldetail?schoolname=guangyang-secondary-school
HAI SING CATHOLIC SCHOOL,hai-sing-catholic-school,https://www.moe.gov.sg/schoolfinder/schooldetail?schoolname=hai-sing-catholic-school
HILLGROVE SECONDARY SCHOOL,hillgrove-secondary-school,https://www.moe.gov.sg/schoolfinder/schooldetail?schoolname=hillgrove-secondary-school
HOLY INNOCENTS' HIGH SCHOOL,holy-innocents-high-school,https://www.moe.gov.sg/schoolfinder/schooldetail?schoolname=holy-innocents-high-school
HOUGANG SECONDARY SCHOOL,hougang-secondary-school,https://www.moe.gov.sg/schoolfinder/schooldetail?schoolname=hougang-secondary-school
HUA YI SECONDARY SCHOOL,hua-yi-secondary-school,https://www.moe.gov.sg/schoolfinder/schooldetail?schoolname=hua-yi-secondary-school
HWA CHONG INSTITUTION,hwa-chong-institution,https://www.moe.gov.sg/schoolfinder/schooldetail?schoolname=hwa-chong-institution-secondary
JUNYUAN SECONDARY SCHOOL,junyuan-secondary-school,https://www.moe.gov.sg/schoolfinder/schooldetail?schoolname=junyuan-secondary-school
JURONG SECONDARY SCHOOL,jurong-secondary-school,https://www.moe.gov.sg/schoolfinder/schooldetail?schoolname=jurong-secondary-school
JURONG WEST SECONDARY SCHOOL,jurong-west-secondary-school,https://www.moe.gov.sg/schoolfinder/schooldetail?schoolname=jurong-west-secondary-school
JURONGVILLE SECONDARY SCHOOL,jurongville-secondary-school,https://www.moe.gov.sg/schoolfinder/schooldetail?schoolname=jurongville-secondary-school
JUYING SECONDARY SCHOOL,juying-secondary-school,https://www.moe.gov.sg/schoolfinder/schooldetail?schoolname=juying-secondary-school
KENT RIDGE SECONDARY SCHOOL,kent-ridge-secondary-school,https://www.moe.gov.sg/schoolfinder/schooldetail?schoolname=kent-ridge-secondary-school
KRANJI SECONDARY SCHOOL,kranji-secondary-school,https://www.moe.gov.sg/schoolfinder/schooldetail?schoolname=kranji-secondary-school
KUO CHUAN PRESBYTERIAN SECONDARY SCHOOL,kuo-chuan-presbyterian-secondary-school,https://www.moe.gov.sg/schoolfinder/schooldetail?schoolname=kuo-chuan-presbyterian-secondary-school
LOYANG VIEW SECONDARY SCHOOL,loyang-view-secondary-school,https://www.moe.gov.sg/schoolfinder/schooldetail?schoolname=loyang-view-secondary-school
MANJUSRI SECONDARY SCHOOL,manjusri-secondary-school,https://www.moe.gov.sg/schoolfinder/schooldetail?schoolname=manjusri-secondary-school
MARIS STELLA HIGH SCHOOL,maris-stella-high-school,https://www.moe.gov.sg/schoolfinder/schooldetail?schoolname=maris-stella-high-school-secondary
MARSILING SECONDARY SCHOOL,marsiling-secondary-school,https://www.moe.gov.sg/schoolfinder/schooldetail?schoolname=marsiling-secondary-school
MAYFLOWER SECONDARY SCHOOL,mayflower-secondary-school,https://www.moe.gov.sg/schoolfinder/schooldetail?schoolname=mayflower-secondary-school
MERIDIAN SECONDARY SCHOOL,meridian-secondary-school,https://www.moe.gov.sg/schoolfinder/schooldetail?schoolname=meridian-secondary-school
METHODIST GIRLS' SCHOOL (SECONDARY),methodist-girls-school-secondary,https://www.moe.gov.sg/schoolfinder/schooldetail?schoolname=methodist-girls-school-secondary
MONTFORT SECONDARY SCHOOL,montfort-secondary-school,https://www.moe.gov.sg/schoolfinder/schooldetail?schoolname=montfort-secondary-school
NAN CHIAU HIGH SCHOOL,nan-chiau-high-school,https://www.moe.gov.sg/schoolfinder/schooldetail?schoolname=nan-chiau-high-school
NAN HUA HIGH SCHOOL,nan-hua-high-school,https://www.moe.gov.sg/schoolfinder/schooldetail?schoolname=nan-hua-high-school
NANYANG GIRLS' HIGH SCHOOL,nanyang-girls-high-school,https://www.moe.gov.sg/schoolfinder/schooldetail?schoolname=nanyang-girls-high-school
NATIONAL JUNIOR COLLEGE,national-junior-college,https://www.moe.gov.sg/schoolfinder/schooldetail?schoolname=national-junior-college-secondary
NAVAL BASE SECONDARY SCHOOL,naval-base-secondary-school,https://www.moe.gov.sg/schoolfinder/schooldetail?schoolname=naval-base-secondary-school
NEW TOWN SECONDARY SCHOOL,new-town-secondary-school,https://www.moe.gov.sg/schoolfinder/schooldetail?schoolname=new-town-secondary-school
NGEE ANN SECONDARY SCHOOL,ngee-ann-secondary-school,https://www.moe.gov.sg/schoolfinder/schooldetail?schoolname=ngee-ann-secondary-school
NORTH VISTA SECONDARY SCHOOL,north-vista-secondary-school,https://www.moe.gov.sg/schoolfinder/schooldetail?schoolname=north-vista-secondary-school
NORTHBROOKS SECONDARY SCHOOL,northbrooks-secondary-school,https://www.moe.gov.sg/schoolfinder/schooldetail?schoolname=northbrooks-secondary-school
NORTHLAND SECONDARY SCHOOL,northland-secondary-school,https://www.moe.gov.sg/schoolfinder/schooldetail?schoolname=northland-secondary-school
NORTHLIGHT SCHOOL,northlight-school,https://www.moe.gov.sg/schoolfinder/schooldetail?schoolname=northlight-school
NUS HIGH SCHOOL OF MATHEMATICS AND SCIENCE,nus-high-school-of-mathematics-and-science,https://www.moe.gov.sg/schoolfinder/schooldetail?schoolname=nus-high-school-of-mathematics-and-science
ORCHID PARK SECONDARY SCHOOL,orchid-park-secondary-school,https://www.moe.gov.sg/schoolfinder/schooldetail?schoolname=orchid-park-secondary-school
OUTRAM SECONDARY SCHOOL,outram-secondary-school,https://www.moe.gov.sg/schoolfinder/schooldetail?schoolname=outram-secondary-school
PASIR RIS CREST SECONDARY SCHOOL,pasir-ris-crest-secondary-school,https://www.moe.gov.sg/schoolfinder/schooldetail?schoolname=pasir-ris-crest-secondary-school
PASIR RIS SECONDARY SCHOOL,pasir-ris-secondary-school,https://www.moe.gov.sg/schoolfinder/schooldetail?schoolname=pasir-ris-secondary-school
PAYA LEBAR METHODIST GIRLS' SCHOOL (SECONDARY),paya-lebar-methodist-girls-school-secondary,https://www.moe.gov.sg/schoolfinder/schooldetail?schoolname=paya-lebar-methodist-girls-school-secondary
PEI HWA SECONDARY SCHOOL,pei-hwa-secondary-school,https://www.moe.gov.sg/schoolfinder/schooldetail?schoolname=pei-hwa-secondary-school
PEICAI SECONDARY SCHOOL,peicai-secondary-school,https://www.moe.gov.sg/schoolfinder/schooldetail?schoolname=peicai-secondary-school
PEIRCE SECONDARY SCHOOL,peirce-secondary-school,https://www.moe.gov.sg/schoolfinder/schooldetail?schoolname=peirce-secondary-school
PRESBYTERIAN HIGH SCHOOL,presbyterian-high-school,https://www.moe.gov.sg/schoolfinder/schooldetail?schoolname=presbyterian-high-school
PUNGGOL SECONDARY SCHOOL,punggol-secondary-school,https://www.moe.gov.sg/schoolfinder/schooldetail?schoolname=punggol-secondary-school
QUEENSTOWN SECONDARY SCHOOL,queenstown-secondary-school,https://www.moe.gov.sg/schoolfinder/schooldetail?schoolname=queenstown-secondary-school
QUEENSWAY SECONDARY SCHOOL,queensway-secondary-school,https://www.moe.gov.sg/schoolfinder/schooldetail?schoolname=queensway-secondary-school
RAFFLES GIRLS' SCHOOL (SECONDARY),raffles-girls-school-secondary,https://www.moe.gov.sg/schoolfinder/schooldetail?schoolname=raffles-girls-school-secondary
RAFFLES INSTITUTION,raffles-institution,https://www.moe.gov.sg/schoolfinder/schooldetail?schoolname=raffles-institution-secondary
REGENT SECONDARY SCHOOL,regent-secondary-school,https://www.moe.gov.sg/schoolfinder/schooldetail?schoolname=regent-secondary-school
RIVER VALLEY HIGH SCHOOL,river-valley-high-school,https://www.moe.gov.sg/schoolfinder/schooldetail?schoolname=river-valley-high-school-secondary
RIVERSIDE SECONDARY SCHOOL,riverside-secondary-school,https://www.moe.gov.sg/schoolfinder/schooldetail?schoolname=riverside-secondary-school
"SCHOOL OF SCIENCE AND TECHNOLOGY, SINGAPORE",school-of-science-and-technology-singapore,https://www.moe.gov.sg/schoolfinder/schooldetail?schoolname=school-of-science-and-technology-singapore
"SCHOOL OF THE ARTS, SINGAPORE",school-of-the-arts-singapore,https://www.moe.gov.sg/schoolfinder/schooldetail?schoolname=school-of-the-arts-singapore
SEMBAWANG SECONDARY SCHOOL,sembawang-secondary-school,https://www.moe.gov.sg/schoolfinder/schooldetail?schoolname=sembawang-secondary-school
SENG KANG SECONDARY SCHOOL,seng-kang-secondary-school,https://www.moe.gov.sg/schoolfinder/schooldetail?schoolname=seng-kang-secondary-school
SERANGOON GARDEN SECONDARY SCHOOL,serangoon-garden-secondary-school,https://www.moe.gov.sg/schoolfinder/schooldetail?schoolname=serangoon-garden-secondary-school
SERANGOON SECONDARY SCHOOL,serangoon-secondary-school,https://www.moe.gov.sg/schoolfinder/schooldetail?schoolname=serangoon-secondary-school
SINGAPORE CHINESE GIRLS' SCHOOL,singapore-chinese-girls-school,https://www.moe.gov.sg/schoolfinder/schooldetail?schoolname=singapore-chinese-girls-school
SINGAPORE SPORTS SCHOOL,singapore-sports-school,https://www.moe.gov.sg/schoolfinder/schooldetail?schoolname=singapore-sports-school
SPECTRA SECONDARY SCHOOL,spectra-secondary-school,https://www.moe.gov.sg/schoolfinder/schooldetail?schoolname=spectra-secondary-school
SPRINGFIELD SECONDARY SCHOOL,springfield-secondary-school,https://www.moe.gov.sg/schoolfinder/schooldetail?schoolname=springfield-secondary-school
ST ANDREW'S SCHOOL (SECONDARY),st-andrews-school-secondary,https://www.moe.gov.sg/schoolfinder/schooldetail?schoolname=st-andrews-school-secondary
ST. ANTHONY'S CANOSSIAN SECONDARY SCHOOL,st-anthonys-canossian-secondary-school,https://www.moe.gov.sg/schoolfinder/schooldetail?schoolname=st-anthonys-canossian-secondary-school
ST. GABRIEL'S SECONDARY SCHOOL,st-gabriels-secondary-school,https://www.moe.gov.sg/schoolfinder/schooldetail?schoolname=st-gabriels-secondary-school
ST. HILDA'S SECONDARY SCHOOL,st-hildas-secondary-school,https://www.moe.gov.sg/schoolfinder/schooldetail?schoolname=st-hildas-secondary-school
ST. JOSEPH'S INSTITUTION,st-josephs-institution,https://www.moe.gov.sg/schoolfinder/schooldetail?schoolname=st-josephs-institution-secondary
ST. MARGARET'S SCHOOL (SECONDARY),st-margarets-school-secondary,https://www.moe.gov.sg/schoolfinder/schooldetail?schoolname=st-margarets-school-secondary
ST. PATRICK'S SCHOOL,st-patricks-school,https://www.moe.gov.sg/schoolfinder/schooldetail?schoolname=st-patricks-school
SWISS COTTAGE SECONDARY SCHOOL,swiss-cottage-secondary-school,https://www.moe.gov.sg/schoolfinder/schooldetail?schoolname=swiss-cottage-secondary-school
TAMPINES SECONDARY SCHOOL,tampines-secondary-school,https://www.moe.gov.sg/schoolfinder/schooldetail?schoolname=tampines-secondary-school
TANJONG KATONG GIRLS' SCHOOL,tanjong-katong-girls-school,https://www.moe.gov.sg/schoolfinder/schooldetail?schoolname=tanjong-katong-girls-school
TANJONG KATONG SECONDARY SCHOOL,tanjong-katong-secondary-school,https://www.moe.gov.sg/schoolfinder/schooldetail?schoolname=tanjong-katong-secondary-school
TEMASEK JUNIOR COLLEGE,temasek-junior-college,https://www.moe.gov.sg/schoolfinder/schooldetail?schoolname=temasek-junior-college-secondary
TEMASEK SECONDARY SCHOOL,temasek-secondary-school,https://www.moe.gov.sg/schoolfinder/schooldetail?schoolname=temasek-secondary-school
UNITY SECONDARY SCHOOL,unity-secondary-school,https://www.moe.gov.sg/schoolfinder/schooldetail?schoolname=unity-secondary-school
VICTORIA SCHOOL,victoria-school,https://www.moe.gov.sg/schoolfinder/schooldetail?schoolname=victoria-school
WEST SPRING SECONDARY SCHOOL,west-spring-secondary-school,https://www.moe.gov.sg/schoolfinder/schooldetail?schoolname=west-spring-secondary-school
WESTWOOD SECONDARY SCHOOL,westwood-secondary-school,https://www.moe.gov.sg/schoolfinder/schooldetail?schoolname=westwood-secondary-school
WHITLEY SECONDARY SCHOOL,whitley-secondary-school,https://www.moe.gov.sg/schoolfinder/schooldetail?schoolname=whitley-secondary-school
WOODGROVE SECONDARY SCHOOL,woodgrove-secondary-school,https://www.moe.gov.sg/schoolfinder/schooldetail?schoolname=woodgrove-secondary-school
WOODLANDS RING SECONDARY SCHOOL,woodlands-ring-secondary-school,https://www.moe.gov.sg/schoolfinder/schooldetail?schoolname=woodlands-ring-secondary-school
WOODLANDS SECONDARY SCHOOL,woodlands-secondary-school,https://www.moe.gov.sg/schoolfinder/schooldetail?schoolname=woodlands-secondary-school
XINMIN SECONDARY SCHOOL,xinmin-secondary-school,https://www.moe.gov.sg/schoolfinder/schooldetail?schoolname=xinmin-secondary-school
YIO CHU KANG SECONDARY SCHOOL,yio-chu-kang-secondary-school,https://www.moe.gov.sg/schoolfinder/schooldetail?schoolname=yio-chu-kang-secondary-school
YISHUN SECONDARY SCHOOL,yishun-secondary-school,https://www.moe.gov.sg/schoolfinder/schooldetail?schoolname=yishun-secondary-school
YISHUN TOWN SECONDARY SCHOOL,yishun-town-secondary-school,https://www.moe.gov.sg/schoolfinder/schooldetail?schoolname=yishun-town-secondary-school
YUAN CHING SECONDARY SCHOOL,yuan-ching-secondary-school,https://www.moe.gov.sg/schoolfinder/schooldetail?schoolname=yuan-ching-secondary-school
YUHUA SECONDARY SCHOOL,yuhua-secondary-school,https://www.moe.gov.sg/schoolfinder/schooldetail?schoolname=yuhua-secondary-school
YUSOF ISHAK SECONDARY SCHOOL,yusof-ishak-secondary-school,https://www.moe.gov.sg/schoolfinder/schooldetail?schoolname=yusof-ishak-secondary-school
YUYING SECONDARY SCHOOL,yuying-secondary-school,https://www.moe.gov.sg/schoolfinder/schooldetail?schoolname=yuying-secondary-school
ZHENGHUA SECONDARY SCHOOL,zhenghua-secondary-school,https://www.moe.gov.sg/schoolfinder/schooldetail?schoolname=zhenghua-secondary-school
ZHONGHUA SECONDARY SCHOOL,zhonghua-secondary-school,https://www.moe.gov.sg/schoolfinder/schooldetail?schoolname=zhonghua-secondary-school
