school_code,kind,published_text,elements,reason
assumption-pathway-school,bus,"SBS Transit No 170, SMRT No 67, 75, 171, 176, 178, 184, 961, 963 & 970",170;67;75;171;176;178;184;961;963;970,"operator names (""SBS Transit No"", ""SMRT No"") and ""&"" in the published text; written from the published text on 2026-10-04"
boon-lay-secondary-school,bus,"30, 79, 99, 154, 157, 172, 174, 178, 179, 180, 181, 181M, 187, 192, 193, 194, 198, 199, 240, 241, 242, 243G/W, 246, 249, 251, 252, 258, 405, 502, 974",30;79;99;154;157;172;174;178;179;180;181;181M;187;192;193;194;198;199;240;241;242;243G;243W;246;249;251;252;258;405;502;974,"""243G/W"" is two services, 243G and 243W; written from the published text on 2026-10-04"
chung-cheng-high-school-main,bus,"10, 12, 14, 14A, 14E 16, 16M, 30, 31, 32, 33, 40, 43, 43E 135, 134, 196, 196A 197, 401, 853M",10;12;14;14A;14E;16;16M;30;31;32;33;40;43;43E;135;134;196;196A;197;401;853M,"three missing commas (""14E 16"", ""43E 135"", ""196A 197""); written from the published text on 2026-10-04"
chung-cheng-high-school-yishun,bus,"Yishun Street 61 (opposite school) - 812, Yishun Ave 2 - 39, 85, 117, 851, 852, 853, 854, 855, 857, 858, 860, 965, 969",812;39;85;117;851;852;853;854;855;857;858;860;965;969,"bus-stop labels (""Yishun Street 61 (opposite school) - "", ""Yishun Ave 2 - "") in the published text; written from the published text on 2026-10-04"
outram-secondary-school,bus,"York Hill Campus at 3 York Hill:, 174, 123, 16, 175, 195, 33, 5, 63, 75, 851, 970, 123, 186, 51, 64, Sengkang Campus at 48 Anchorvale Crescent, 110, 374, 654",174;123;16;175;195;33;5;63;75;851;970;186;51;64;110;374;654,campus labels in the published text; 123 is listed twice; written from the published text on 2026-10-04
spectra-secondary-school,bus,"901M, 962 (Bus Stop IDs: 47549 or 47541), 904 (Bus Stop IDs: 47649 or 47641)",901M;962;904,bus-stop numbers in brackets in the published text; written from the published text on 2026-10-04
temasek-junior-college,bus,"Bus Service along Tampines Ave 9: 18, 29 and 29A, Bus Service along Tampines Ave 7: 3, 3A, 4, 9, 9A, 12, 12e, 17, 18, 19, 21, 29, 29A, 34, 34B, 37, 39, 59, 81, 293 and 518.",18;29;29A;3;3A;4;9;9A;12;12e;17;19;21;34;34B;37;39;59;81;293;518,"road labels, ""and"" and a full stop in the published text; services along both roads listed once; written from the published text on 2026-10-04"
nus-high-school-of-mathematics-and-science,mrt,Nearest MRT Stations - Clementi and Dover,Clementi;Dover,"one sentence ""Nearest MRT Stations - Clementi and Dover"" instead of a list; written from the published text on 2026-10-04"
outram-secondary-school,mrt,"York Hill Campus, OUTRAM PARK MRT (EW16), CHINATOWN MRT (DT19), Anchorvale Campus, CHENG LIM (SW1)",OUTRAM PARK MRT (EW16);CHINATOWN MRT (DT19);CHENG LIM (SW1),"campus labels (""York Hill Campus"", ""Anchorvale Campus"") in the published text; written from the published text on 2026-10-04"
